PRICE,BEDS,BATH,PROPERTYSQFT
315000,2,2,1400
195000000,7,10,17545
260000,4,2,2015
69000,3,1,445
55000000,7,2.3738608579684373,14175
690000,5,2,4004
899500,2,2,2184.207862
16800000,8,16,33000
265000,1,1,750
440000,2,1,978
375000,2,1,850
689000,3,2.3738608579684373,1162
259000,3,1,2184.207862
430000,2,2,2184.207862
895000,3,1,2184.207862
549000,2,2,1000
975000,3,2,1734
199000,3,1,325
350000,1,1,700
599000,2,2,974
639999,3,2,1260
1300000,2,2,1244
1100000,6,3,2837
349900,1,1,651
750000,2,2,1330
1690000,6,4,2200
325000,1,1,2184.207862
2250000,12,2.3738608579684373,5670
230000,1,1,2184.207862
1299888,10,6,3156
925000,5,2,2750
329000,1,2,794
1300000,10,8,5040
848000,5,4,2080
279000,1,1,750
528000,1,1,602
1299888,11,4,3156
275000,1,1,2184.207862
1165000,1,1,815
1199000,6,5,3290
700000,6,2,3053
2150000,8,4,3200
1280000,7,5,2460
199900,1,1,2184.207862
369000,2,1,2184.207862
699000,4,3,1591
4250000,3,2,2400
825000,2,2,2184.207862
329000,2,1,837
889000,2,2,1520
769000,2,2,2184.207862
1200000,4,2,2536
220500,2,1,900
1999000,3,3,2739
3250000,2,2,1300
1650000,2,2,1267
1049000,4,4,2554
998800,3,4,2400
998800,3,4,2400
3150000,3,2,1952
849000,1,1,2184.207862
559500,1,1,800
750000,1,1,835
1900000,2,2,1029
1250000,2,2,1201
1395000,2,2,1182
198000,1,1,2184.207862
619888,3,2,1400
1489000,6,2.3738608579684373,3780
65000000,3,2.3738608579684373,15200
1595000,3,3,1413
655000,3,2,803
1175000,2,2,1115
2880000,9,2.3738608579684373,2350
798000,3,4,2150
1685000,3,2.3738608579684373,2184.207862
31000000,3,4,4492
2550000,3,2.3738608579684373,2184.207862
119000,3,2.3738608579684373,2184.207862
269000,5,2,2184.207862
1650000,2,2,1065
1650000,2,2,1065
12950000,5,4,3344
5750000,3,2,2223
250000,5,2,2184.207862
950000,6,2.3738608579684373,3384
585000,3,2,1100
8750000,6,6,2184.207862
595000,3,1,1316
215000,1,1,625
950000,1,1,621
314000,3,1,1572
395000,5,1,1000
600000,2,2,2184.207862
790000,6,3,2520
539000,2,2,1100
1295000,4,2,1995
245000,3,1,2184.207862
400000,7,3,2385
55000000,8,8,12000
280000,1,1,1000
899000,3,2,1440
2280000,2,2,1400
649000,4,3,2184.207862
739000,6,4,2184.207862
1495000,4,2.3738608579684373,3000
3950000,5,2,3528
325000,2,1,979
299999,3,1,2184.207862
2695000,6,5,4720
4800000,6,2.3738608579684373,3958
694000,3,3,1360
688888,4,2,2846
400000,4,2,1980
346000,5,2,2184.207862
400000,4,2,1980
346000,5,2,2184.207862
265000,3,1,2184.207862
319000,3,2,1224
24800000,6,8,2184.207862
1100000,9,4,3276
309000,6,2,2184.207862
650000,3,2,1522
799000,4,2,1975
259000,3,2,1089
1195000,4,4,2704
17500000,5,6,5499
189000,2,2,966
759000,3,2,1200
275000,4,1,2184.207862
499000,1,1,630
1249000,3,2.3738608579684373,2184.207862
69900,2,1,700
1150000,12,6,5508
1749900,5,4,3740
1399000,3,4,1993
649000,3,2,1182
499000,5,2,1760
1050000,5,4,3132
5000000,10,9,6425
90000,1,1,660
56000000,11,10,24000
650000,3,2.3738608579684373,1638
500000,4,3,1794
350000,2,1,490
1099000,4,2,2184.207862
90000,1,1,450
839000,4,2,2184.207862
659000,8,3,2184.207862
659000,8,3,2184.207862
399999,3,1,2184.207862
250000,3,1,2184.207862
1740000,2,2,1132
650000,4,2,2244
1165000,3,4,3500
729900,3,2,1150
1880000,3,4,3150
449000,2,2,1549
1175000,3,2,2250
2750000,3,2,2184.207862
995000,3,2,2184.207862
2000000,3,2,2000
15000000,8,6,2184.207862
2800000,4,6,8333
2600000,5,4,3024
3500000,6,6,6000
550000,1,1,2184.207862
769000,3,4,2184.207862
675000,3,2,2400
879000,4,2,1238
918888,3,2,2184.207862
2400000,4,2,1892
1730000,6,2.3738608579684373,3024
425000,5,2,2184.207862
2500000,5,2.3738608579684373,1450
998000,4,4,2000
1195000,4,4,2688
1649000,3,2,2052
955000,4,4,2100
949000,6,3,2184.207862
880000,3,2,1743
39995000,4,2.3738608579684373,10582
1250000,8,2.3738608579684373,2184.207862
899999,3,2,1784
198000,1,1,750
549000,5,3,496
1088888,3,4,1320
888000,4,2,2686
65000,3,1,230
1449999,3,2,2184.207862
14900000,5,5,2184.207862
1695000,5,2,2250
2499000,5,2.3738608579684373,4100
1970000,4,4,2508
1895000,2,2,2184.207862
689000,3,2.3738608579684373,1248
649999,3,2,1440
669000,3,2,864
800000,3,2,825
2375000,1,2,2184.207862
2400000,6,6,6688
390000,2,1,586
2250000,1,1,2184.207862
1450000,4,2.3738608579684373,2700
725000,2,2,792
269000,1,1,2184.207862
695000,2,2,2184.207862
1300000,3,2,2184.207862
459000,3,2,1250
689999,3,2,1008
425000,3,2,1405
10000000,5,4,6800
1525000,2,2,2184.207862
1499000,9,6,3519
695000,2,2,2184.207862
1300000,3,2,2184.207862
269000,1,1,2184.207862
425000,3,2,1405
1499000,9,6,3519
519000,3,2,1480
358000,2,1,2184.207862
975000,3,1,2184.207862
29200000,12,10,11638
498000,2,1,975
385000,1,2,900
999000,6,2,3144
399000,1,1,2184.207862
599000,4,4,2800
829888,4,2.3738608579684373,1800
699998,3,2,1548
1088000,5,2,2184.207862
999000,6,2,1280
1188888,15,9,2184.207862
265000,1,1,700
288000,1,1,845
999995,3,2,1750
1495000,2,2,1350
925000,1,1,1000
349000,2,1,2184.207862
2000000,4,4,3000
839000,3,2,1376
329000,1,1,820
899000,6,3,3683
615000,3,2,2184.207862
800000,2,2,1257
430000,2,2,1248
499000,3,2,1288
439500,3,2,1400
299000,1,1,2184.207862
2580000,8,2.3738608579684373,6493
200000,1,1,613
425000,3,1,2184.207862
69000,1,1,850
1995000,3,2,1546
230000,1,1,620
220000,1,1,590
198000,3,1,2184.207862
1495000,1,2,2184.207862
475000,1,1,615
199900,2,1,2184.207862
1150000,2,2,1444
1575000,3,2,2184.207862
229000,1,1,2184.207862
2700000,8,4,2184.207862
320000,2,2,936
295000,2,1,700
550000,3,2,2184.207862
285000,2,1,1000
328000,1,1,800
1388000,4,3,2184.207862
3000000,10,10,2184.207862
2198888,7,6,2184.207862
650000,6,2,2310
1100000,1,2,890
2649000,5,4,4050
849000,2,1,800
6500000,2,2,2184.207862
560000,3,1,550
1100000,1,2,890
2649000,5,4,4050
849000,2,1,800
418888,2,1,900
2600000,3,3,3978
899000,8,2,2160
979000,8,3,2860
199000,1,1,2184.207862
815000,3,1,2184.207862
1025000,1,1,800
1375000,1,2,920
875000,3,2,1437
1350000,6,3,3000
989000,7,3,2184.207862
815156,4,4,2945
1949000,3,5,2560
669000,5,2,1893
900500,4,2,2184.207862
1465000,3,3,2184.207862
899000,3,1,1100
1100000,1,1,726
1199000,6,5,2184.207862
325000,2,1,2184.207862
599000,4,3,1176
1230000,4,3,2184.207862
3950000,3,3,2184.207862
1350000,10,5,3383
799000,5,3,1800
1599000,5,3,5600
1299900,4,4,2755
370000,1,1,2184.207862
3225,3,1,2184.207862
3649000,3,2,2184.207862
860000,5,3,2324
765000,3,4,2205
259000,1,1,750
1500000,8,3,3135
850000,2,2,1005
2494,2,1,2184.207862
99000,1,1,2184.207862
535000,1,1,750
849998,4,2,2342
1100000,2,2,2184.207862
998000,5,3,1574
1500000,3,2,2184.207862
875000,6,3,2860
2350000,1,2,1144
850000,5,2,1908
4000000,3,2.3738608579684373,2248
1200000,3,2,2184.207862
12000000,4,4,3809
1300000,2,2,2184.207862
799000,3,1,585
339000,3,1,250
875000,7,5,2680
799000,7,2,2296
799000,7,2,2296
285000,2,1,1380
2499000,5,4,1340
795000,4,2,1440
1799995,2,2,2184.207862
250000,3,2.3738608579684373,1224
5999000,3,3,3000
668000,3,2,1606
699900,3,2,1470
5295000,4,4,4600
2265000,2,2,1123
459000,2,1,950
1369000,4,2.3738608579684373,2900
879000,4,2,2184.207862
559000,1,1,679
869888,4,3,2184.207862
799888,3,2,2184.207862
749000,4,1,1040
499000,2,3,2184.207862
1295000,3,4,2193
879900,3,2,2242
400000,2,2,1150
699999,6,2.3738608579684373,2184.207862
289000,1,1,666
699000,1,1,616
5800,3,2.3738608579684373,2184.207862
479000,6,2,3100
1355000,2,2,1002
1225000,2,2,882
9999000,4,6,4531
105000,3,1,656
300000,3,1,952
799000,5,3,2400
202000,2,1,1453
720000,3,2,1430
600000,5,2,2184.207862
599000,3,1,1200
235000,2,1,860
319000,3,1,960
950000,12,6,2184.207862
1088888,4,2,2184.207862
1250000,4,4,3300
650000,3,2.3738608579684373,2184.207862
774888,3,2,960
105509,1,1,650
995000,5,2,2184.207862
995000,5,2,2184.207862
769000,4,2,1728
395995,2,1,1100
975000,1,2,900
499999,2,1,1744
1649000,2,2,2184.207862
365000,2,1,2184.207862
748999,3,2,1620
635000,3,2,2184.207862
149000,3,1,400
1099000,5,2,1760
3950000,3,2.3738608579684373,2184.207862
1529999,6,5,2400
675000,3,1,1404
2650000,6,6,2184.207862
420000,3,1,2184.207862
2999950,3,2.3738608579684373,2184.207862
559900,3,2,980
549000,3,1,2184.207862
999000,3,2,950
289000,3,2.3738608579684373,2184.207862
790000,3,2.3738608579684373,2184.207862
2295000,7,4,3632
1150000,3,4,3000
13995000,7,2.3738608579684373,9026
6100000,3,2.3738608579684373,2184.207862
350000,3,2.3738608579684373,2184.207862
450000,3,2.3738608579684373,2184.207862
2999999,3,2.3738608579684373,2184.207862
2500000,3,2.3738608579684373,2184.207862
350000,3,2.3738608579684373,2184.207862
150000,3,2.3738608579684373,2184.207862
3600000,3,2.3738608579684373,2184.207862
150000,3,2.3738608579684373,2184.207862
235000,3,2,1400
199000,3,2.3738608579684373,2184.207862
2000000,3,2.3738608579684373,2184.207862
2200000,3,2.3738608579684373,2184.207862
650000,3,2.3738608579684373,2184.207862
149000,3,2.3738608579684373,2184.207862
215000,4,2,2000
799999,3,2.3738608579684373,2184.207862
299000,5,2,2184.207862
265000,3,2.3738608579684373,2184.207862
795000,3,2.3738608579684373,2184.207862
1245000,3,2.3738608579684373,2184.207862
549000,3,2.3738608579684373,2184.207862
7495000,4,4,2888
2850000,4,4,4080
215000,2,2,747
299000,3,2.3738608579684373,2184.207862
275000,2,1,1104
898000,6,3,2100
275000,2,1,900
599000,4,2,1682
189000,1,1,730
678990,3,3,1575
800000,3,2,1824
549000,3,2,1092
849000,3,2,2000
675000,3,2.3738608579684373,2184.207862
130000,3,2.3738608579684373,664
759999,4,2,2184.207862
489000,2,1,978
799900,5,2,1750
295000,3,1,2184.207862
159000,2,1,1010
999500,3,2,1144
589000,3,2,2310
329000,2,1,850
799000,3,2,1881
1188000,4,2,1580
729000,3,2,1400
614900,3,2,1495
599000,4,2,1500
950000,6,2,2184.207862
11000000,5,2.3738608579684373,2184.207862
348000,3,2.3738608579684373,2184.207862
965000,3,1,540
1095000,4,4,2280
2295000,2,2,1242
13500000,5,7,2184.207862
49500,3,2.3738608579684373,800
460000,3,3,2256
825000,12,6,2184.207862
1230250,3,2,1590
799999,3,2,1344
259500,2,1,2184.207862
1300000,15,6,4920
749000,2,2,1300
265000,2,1,660
575000,2,1,900
849000,4,2,2180
875000,2,2,1214
599999,3,2,1360
1150000,5,3,2184.207862
1188000,4,2.3738608579684373,3840
579900,3,2.3738608579684373,2640
1295000,4,3,2440
250000,3,1,1376
1395000,3,2.3738608579684373,2184.207862
1648000,3,4,1751
1675000,4,5,2184.207862
950000,3,2,1748
449500,1,1,2184.207862
184888,3,1,500
399000,3,1,500
209000,1,1,1078
280000,3,2,1100
625000,3,2,2184.207862
275000,3,1,2184.207862
924800,4,3,2049
1300000,6,4,2112
995000,5,2,2288
16500000,5,4,4105
695000,3,2.3738608579684373,1793
16500000,5,4,4105
695000,3,2.3738608579684373,1793
998000,5,3,1738
899000,7,3,1980
849000,6,5,2184.207862
235000,3,1,2184.207862
399999,2,1,2184.207862
520000,4,2,1701
485000,3,2,2184.207862
215000,3,1,1100
1288000,6,5,2640
270000,2,2,900
375000,2,2,1200
565000,1,1,2184.207862
849000,4,3,2184.207862
199000,2,1,2184.207862
5500000,8,6,9000
899000,4,2.3738608579684373,2184.207862
699000,3,2,2350
27750000,7,8,8139
739000,3,1,1148
425000,3,2,1700
300000,2,1,900
569000,3,3,1780
789000,5,3,1273
10500000,3,3,2753
350000,2,1,825
5895000,8,5,6312
1250000,7,4,2184.207862
1499999,4,2,2264
1488000,6,2,2184.207862
285000,3,2.3738608579684373,2184.207862
699000,3,3,2184.207862
924900,3,2,1404
560000,4,2,2318
1998000,12,8,5100
309000,3,2,2184.207862
925000,4,2.3738608579684373,2160
999000,4,2,2184.207862
699000,2,2,833
278500,2,1,2184.207862
738000,3,2,2184.207862
900000,4,4,2700
369000,1,1,1470
609000,3,2,1620
758000,3,2,1278
728000,3,2,1890
314900,3,3,1200
2848000,6,2.3738608579684373,4443
1298000,3,2,2046
1095000,4,4,2500
434900,3,2,1286
375000,2,2,1350
1375000,14,8,6000
4680000,3,4,2400
549000,2,2,1200
549000,3,1,1400
950000,3,2,1520
388000,3,1,2184.207862
5600000,6,6,4917
1600000,8,6,3472
6995000,5,2.3738608579684373,3912
1399000,6,2,2184.207862
399000,3,2.3738608579684373,1350
529900,1,1,630
999000,5,2,2184.207862
575000,2,2,2184.207862
659900,3,4,2184.207862
2200000,6,3,2385
898888,5,2,1550
1250000,5,4,3427
1188000,3,2,2240
869999,5,3,2080
219000,3,1,1050
210000,3,2.3738608579684373,1840
799000,6,2,2184.207862
298000,3,2,1100
1248888,4,4,3500
1075000,2,2,955
1695000,2,2,1572
3795000,3,2,1887
550000,2,2,2184.207862
775000,3,1,2184.207862
249900,2,2,800
650000,4,1,1152
410000,1,1,2184.207862
1650000,9,5,4320
1600000,2,2,1100
325000,2,1,2184.207862
275000,2,1,900
700000,3,2,1620
930000,3,2,2184.207862
379000,1,2,704
1150000,3,2.3738608579684373,1376
568888,3,2,1100
1200000,4,3,2052
899900,3,3,2550
799999,3,2,1200
300000,3,4,2184.207862
750000,4,3,3098
669999,4,2,1196
575000,2,1,1200
299000,3,1,2184.207862
548800,3,4,1440
28500000,7,9,12300
259000,2,1,2184.207862
425000,2,1,2184.207862
950000,4,2,2200
185000,2,1,600
1688888,4,3,2364
259000,2,1,2184.207862
950000,4,2,2200
1688888,4,3,2364
689000,6,3,2184.207862
419000,2,1,2184.207862
1199000,4,2,2184.207862
2150000,4,2.3738608579684373,2184.207862
899000,3,4,2208
675000,3,2,2184.207862
875000,2,1,2184.207862
899000,2,1,1130
219000,2,1,2184.207862
120000,2,1,600
470000,2,1,2184.207862
229000,2,1,950
3000000,3,32,11760
1199000,5,4,2184.207862
1498000,9,8,2961
2000000,4,3,2000
50000000,6,6,6569
550000,3,2,2184.207862
499000,3,1,1176
800000,6,3,2202
239000,2,1,798
29950000,10,13,8750
674999,3,2,1440
14000000,5,2.3738608579684373,7200
1228000,3,2,950
880000,4,4,2400
369888,2,2,2184.207862
500000,2,2,2184.207862
499000,4,3,2184.207862
2998888,5,2.3738608579684373,3800
175849,2,1,850
499000,3,2,1445
899975,6,3,1952
1474000,4,2,2050
2750000,6,5,6300
3999000,3,2.3738608579684373,3428
1288000,4,2,1700
499000,4,2,1428
989000,4,4,2400
650000,3,2,2184.207862
1999999,4,4,4803
5990000,4,4,3750
1235000,3,2,2184.207862
785000,1,1,2184.207862
750000,3,2,1750
1400000,3,3,2184.207862
865000,6,3,2464
324000,1,1,2184.207862
1100000,3,4,3750
2295000,3,7,2184.207862
8950000,4,2,2570
1348888,3,4,2450
220000,2,1,850
185000,1,1,2184.207862
499000,2,2,1350
999999,4,3,1980
4995000,2,2,2000
700000,2,1,2184.207862
1180000,4,4,1820
609000,2,2,2184.207862
250000,2,1,950
689000,3,2,2184.207862
585000,4,2,2184.207862
109500,3,1,550
299000,3,1,640
995000,3,2,1987
1499000,6,2,3144
299000,2,1,2184.207862
279000,3,1,550
235000,3,2,2184.207862
17900000,6,4,2184.207862
950000,5,3,2288
859000,2,2,950
1999000,5,4,2000
1458888,8,2.3738608579684373,2988
650000,5,3,2184.207862
1100000,4,3,1400
478900,1,1,554
2795000,2,2,965
560000,5,2,2624
868000,3,4,2024
999000,3,2,2184.207862
1590000,5,6,2184.207862
149000,1,1,375
594900,4,2,1355
799000,3,2,2184.207862
985000,6,5,2184.207862
685000,4,2,2625
479888,3,2,1188
2500000,3,2.3738608579684373,2184.207862
355000,1,1,514
260000,2,1,2184.207862
2600000,5,5,4057
2500000,3,2.3738608579684373,2184.207862
220000,1,1,2184.207862
489000,2,2,1549
1288000,5,2,2375
200000,2,3,1260
625000,3,1,2184.207862
2245000,2,3,1724
899000,3,2,2184.207862
575000,4,2,1330
588888,4,2,1640
650000,6,2.3738608579684373,2184.207862
899999,8,4,2184.207862
315000,1,1,850
1599999,6,2.3738608579684373,4073
10000000,5,2.3738608579684373,5660
825000,4,2,2230
795000,3,3,1860
690000,3,2,1325
1249949,4,4,2720
799000,4,3,2184.207862
115000,3,1,2184.207862
2088000,4,4,2394
699000,2,2,1766
119000,1,1,650
1275000,5,3,2184.207862
410000,2,2,2184.207862
309900,2,1,900
435000,3,2,1034
879000,3,3,2184.207862
325000,3,1,622
1195000,16,8,2184.207862
1900000,3,2,2200
868000,3,2,2184.207862
1770000,7,4,2184.207862
899000,5,3,1480
990000,2,2,960
818000,3,3,2184.207862
409000,4,2,2184.207862
679000,3,2,1474
259000,1,1,2184.207862
850000,6,3,2280
8750000,6,6,6000
495000,2,2,953
825000,2,1,800
1075000,4,2,1800
1950000,5,4,4000
6800000,7,2.3738608579684373,5130
7999000,20,10,2184.207862
578000,2,2,900
8995000,5,4,4373
629000,3,2,1360
329900,2,2,993
1788888,4,4,2184.207862
899000,5,2,2184
2150000,3,1,750
1290000,3,2,2905
109000,1,1,2184.207862
545000,6,3,1344
307000,2,1,960
595000,1,1,750
1088888,5,4,2452
650000,3,2,1912
4380000,35,16,15000
949999,5,3,1740
879000,4,2,1998
850000,6,4,2886
675000,2,2,1200
199000,2,1,900
395000,3,1,430
368000,2,2,2184.207862
999999,5,2,2754
374900,1,1,782
365000,2,1,2184.207862
25500000,5,2.3738608579684373,2184.207862
999000,7,3,3036
825000,3,2,2184.207862
889000,3,2,2184.207862
225000,2,1,789
799500,2,2,2250
779000,2,2,2184.207862
1880000,7,2,3240
3000000,5,2.3738608579684373,5000
480000,3,2,2184.207862
820000,4,3,2184.207862
385000,2,1,800
709999,4,2,2184.207862
699000,3,2,1500
649000,3,2,1400
529000,3,2.3738608579684373,1618
325000,2,1,750
999000,3,1,1392
160000,3,2.3738608579684373,1064
3895000,3,3,1884
699000,1,1,2184.207862
615000,3,2,1165
249000,2,1,800
1290000,3,2,1998
850000,4,2,2375
588000,3,2,1140
1790000,4,2,2184.207862
1175000,9,3,2184.207862
579000,4,2,2184.207862
249000,1,1,850
2480000,3,2,3600
999000,4,3,2270
228500,1,1,750
305000,2,1,2184.207862
1500000,6,2,3600
778000,4,3,2185
850000,3,2,1320
428000,3,3,2184.207862
639000,1,1,2184.207862
835000,3,2,2184.207862
1250000,3,2,1560
1695000,5,3,2160
502900,4,2,1440
749000,4,2,1420
529000,5,2,2248
705000,2,2,2184.207862
549000,1,1,2184.207862
7200000,3,2.3738608579684373,48000
335000,2,1,745
599000,3,2,2184.207862
334999,1,2,1059
295000,1,1,2184.207862
560000,3,2,2184.207862
549000,1,1,2184.207862
335000,2,1,745
334999,1,2,1059
295000,1,1,2184.207862
799000,3,2,2279
720000,3,2,1046
249999,1,1,750
850000,3,2,2184.207862
750000,3,2,2184.207862
625000,5,2.3738608579684373,2184.207862
650000,2,2,896
4845000,9,6,5939
580000,1,1,2184.207862
887785,2,2,2184.207862
499999,3,1,701
599000,4,2,1348
1149000,5,4,2169
988000,4,2.3738608579684373,2400
764600,4,2,1884
699900,1,1,2184.207862
5495000,5,4,4296
3900000,5,6,7723
999000,2,2,2184.207862
10495000,7,4,5100
188000,3,1,2184.207862
499900,3,2,1232
545000,1,1,2184.207862
705000,2,2,2184.207862
1289000,4,4,2184.207862
389000,2,1,2184.207862
350000,2,1,2184.207862
1289000,4,4,2184.207862
499900,3,2,1232
350000,2,1,2184.207862
295000,3,1,2184.207862
918000,4,3,2184.207862
1799000,4,3,3176
989000,4,2,1827
890000,5,2,2144
469888,2,2,1164
310000,2,1,2184.207862
479000,1,1,2184.207862
1290000,4,3,2184.207862
4250000,3,4,3376
7400000,4,2.3738608579684373,3700
899000,3,2,2184.207862
16500000,2,2,5834
659000,3,2,1300
1150000,5,3,2184.207862
499000,5,2,2184.207862
725000,3,2,1476
929000,3,2,2184.207862
629000,2,2,1600
285000,3,1,1428
315000,2,1,2184.207862
698000,2,2,824
849000,4,3,2184.207862
1775000,6,4,4900
3850000,4,2,2160
4500000,5,4,3180
465000,2,2,988
869900,4,2,2280
699000,3,2.3738608579684373,2034
799000,3,2,864
290000,1,1,2184.207862
575000,5,3,2076
290000,1,1,2184.207862
500000,5,3,2472
2750000,3,5,4600
495000,2,1,766
1199000,4,4,2279
605000,3,2,1500
550000,2,1,2184.207862
768000,3,2,1065
2099000,3,2,1711
575000,3,2,1480
639000,3,2,1224
525000,3,1,2184.207862
850000,3,2.3738608579684373,2160
674999,5,2,2600
345000,1,1,2184.207862
788888,5,2,3443
379000,2,2,1160
1495000,1,1,814
2288000,4,3,1788
699000,4,2,2184.207862
250000,1,1,900
1120000,3,2,2184.207862
25000000,7,2.3738608579684373,20000
858000,2,2,2184.207862
1275000,1,1,1000
1070000,4,2,2192
4800000,10,4,5353
14600000,6,2.3738608579684373,6630
895000,2,2,2184.207862
1250000,6,3,2400
1788000,6,5,2184.207862
799000,4,3,1344
879000,3,2,2184.207862
963000,4,4,2400
998000,11,6,2184.207862
950000,2,1,1000
410000,2,1,2184.207862
269000,1,1,900
8500000,7,6,7000
1195000,11,6,2184.207862
550000,2,1,1069
2800000,16,16,10720
940000,9,4,2184.207862
865000,3,3,2184.207862
7995000,3,4,4412
690000,3,2,1284
330000,3,1,2184.207862
8750000,7,8,5000
619000,2,2,1200
899000,3,1,1050
1175000,2,2,1144
2999000,8,2.3738608579684373,6000
1395000,2,2,1793
800000,2,2,2184.207862
499000,2,1,686
1625000,4,4,2743
799999,3,3,1444
1139000,4,4,3150
529000,3,2,1650
300000,3,1,1200
799000,5,4,1802
869000,6,3,1526
749000,3,2,1480
240900,2,1,875
1295000,3,1,2184.207862
3850000,8,6,6200
549000,5,2,1716
129000,1,1,750
475000,3,2,900
980000,4,3,1408
1199000,4,2,1824
1299999,5,5,3134
265000,2,1,1100
262500,1,1,2184.207862
2699000,7,6,11250
1200000,4,4,3300
850000,1,1,2184.207862
2699000,7,6,11250
989000,6,4,2720
1200000,4,4,3300
899999,5,3,1800
2780000,5,6,3045
999000,2,1,1050
699000,6,2,2184.207862
60000,3,1,445
499999,4,2,1248
599999,3,2,1272
725000,4,2,2000
998888,3,2,1780
980000,3,4,2700
800000,3,2,2184.207862
1299000,3,4,4450
799000,3,2,1128
995000,3,2,3080
1250000,5,3,2295
1275000,3,4,2184.207862
749999,6,3,3150
2650000,5,4,4100
999000,2,1,2184.207862
279000,2,1,2184.207862
479000,2,2,1008
2300000,2,2,1600
294000,1,2,1074
1390000,6,5,2245
450000,3,2,1026
999000,3,2,2184.207862
1999000,4,4,3420
1288000,6,3,2184.207862
639888,5,3,1376
569900,4,2,2180
1630000,7,4,2184.207862
689888,3,2,1300
378000,2,1,2184.207862
23900000,6,2.3738608579684373,7110
149000,1,1,2184.207862
589000,4,3,1320
958000,3,2,2259
195000,1,1,2184.207862
299000,1,1,608
1750000,4,4,3645
815000,3,2,2184.207862
989000,5,3,2184.207862
1075000,2,2,2184.207862
879000,2,1,1000
999995,2,1,2184.207862
430000,2,2,1200
445000,3,2,2184.207862
999000,3,2,1900
2299000,6,4,2184.207862
1225000,4,2,1960
849000,3,2,2184.207862
1350000,4,3,1760
1600000,4,4,3150
600000,3,1,441
435000,3,1,2184.207862
4999999,4,4,4342
800000,3,2.3738608579684373,2184.207862
329000,1,1,750
10975000,3,4,2184.207862
599000,4,2,2184.207862
699999,4,2,2184.207862
539000,1,1,725
370000,3,1,2184.207862
1499000,9,6,2184.207862
299000,1,1,2184.207862
2400000,5,4,3800
275000,1,1,850
1395000,3,3,1750
568000,2,1,550
1049000,3,2,2184.207862
568000,2,1,550
1049000,3,2,2184.207862
899000,4,2,1200
495000,1,1,2184.207862
535000,3,3,1328
799999,3,2,1596
1989000,2,2,1274
699000,6,4,2223
369000,1,1,900
599000,4,4,2100
169000,1,1,680
749000,3,2,1600
1099000,5,4,3500
475000,2,2,1364
124900,1,1,676
619000,3,2,1943
599000,3,1,1008
689900,3,2,1486
5900000,7,8,10100
249000,2,1,815
509000,3,1,2184.207862
549000,3,2,1150
2995000,4,6,2184.207862
1999000,6,4,3850
350000,3,2.3738608579684373,2184.207862
269000,1,1,2184.207862
7500000,6,2.3738608579684373,2184.207862
9950000,10,10,2184.207862
2200000,3,4,1779
479000,4,2,1800
60000000,8,8,2184.207862
329000,1,1,2184.207862
1500000,5,7,4384
560000,3,2.3738608579684373,2184.207862
588000,4,3,2160
3300000,2,2,1652
479000,4,2,1800
169999,2,1,2184.207862
439000,1,1,950
758000,3,2,1760
448000,3,1,2184.207862
588000,4,3,2160
2977000,4,4,2601
385000,1,1,900
1475000,5,4,1928
978000,3,2,2184.207862
2700000,3,3,1398
3500000,24,8,9500
349000,2,1,900
790000,3,2,1596
750000,2,2,995
1195000,3,3,995
1750000,3,3,995
874999,3,2,2868
324900,1,1,900
97500,2,1,791
2200000,2,2,2035
999000,4,4,1798
550000,2,2,995
519999,3,2,1100
729000,2,1,1100
999999,12,6,3900
2898555,5,5,7200
611999,3,2,2184.207862
1500000,3,3,2100
5600000,5,4,4959
299999,2,1,857
2358000,4,5,6300
748888,2,2,1260
630000,2,2,1450
1389000,2,2,1043
319000,2,1,925
319000,3,1,2184.207862
1250000,6,4,2184.207862
1199000,4,3,1848
1500000,6,4,3328
780000,3,2,1320
350000,2,1,2184.207862
255000,1,1,750
649000,2,2,905
1480000,4,4,1596
628000,3,2,1824
190000,2,1,875
450000,2,1,2184.207862
2473888,4,6,5600
785000,3,2,1950
699900,3,2,1240
2495000,3,4,2184.207862
149999,1,1,850
208000,1,1,610
172800,1,1,750
1768888,10,10,3933
1239998,4,4,2250
1699000,9,5,5500
1350000,3,3,2184.207862
889000,3,2,2362
1300000,2,2,1100
310000,2,1,675
11000000,50,50,22035
1149000,7,4,3617
239900,1,1,585
257000,3,1,450
1090000,2,2,1860
799999,6,2.3738608579684373,2184.207862
2045000,6,4,3976
1195000,3,2,2700
340000,2,1,900
1375000,6,2,1596
749000,3,1,1644
1399000,5,4,2184.207862
775000,3,2,1880
1090000,2,2,1860
340000,2,1,900
948000,7,3,2184.207862
1399000,5,4,2184.207862
880000,3,2,2184.207862
699000,1,1,600
2250000,4,3,2184.207862
319000,3,1,2184.207862
1300000,6,3,2184.207862
729000,3,3,1800
425000,2,2,800
399000,1,1,2184.207862
625000,3,1,652
269000,1,1,700
449000,2,2,1440
699000,8,5,2300
550000,3,2,1250
799900,3,2.3738608579684373,2058
758000,3,1,1200
829000,4,2,1680
789000,2,2,1230
24990000,7,6,8500
2250000,6,4,2184.207862
359000,1,1,2184.207862
1439000,6,4,1440
1050000,7,4,3280
134500,3,1,503
11900000,6,2.3738608579684373,9075
270000,4,2,2000
2280000,6,5,2184.207862
278999,1,1,2184.207862
2280000,6,5,2184.207862
625000,5,2,2184.207862
270000,4,2,2000
605000,4,2,1344
529000,3,2,1150
1050000,4,1,2184.207862
225000,3,1,2184.207862
1049000,3,1,1224
259000,1,1,2184.207862
599000,3,2,2184.207862
675000,3,1,1316
3595000,3,3,1862
789000,4,2,1871
998000,6,3,1872
889000,6,2,2280
825000,2,2,1820
599999,6,2,3490
10999000,5,7,2184.207862
2750000,4,2.3738608579684373,2184.207862
649000,3,2,1064
989000,8,5,3960
357000,3,1,1100
25000000,6,8,2184.207862
119888,1,1,2184.207862
1099999,4,2,2185
749000,2,1,2184.207862
589999,4,2,1680
6995000,20,20,12492
22500000,5,6,8725
749000,3,2,1332
499000,3,2,1156
859000,3,3,2184.207862
599999,2,2,2184.207862
899000,3,2,1324
315000,2,1,850
1999999,5,2.3738608579684373,5301
950000,4,3,1746
13950000,6,6,6798
1399000,5,3,3375
595000,3,1,660
1618000,5,2,2200
485000,6,3,2184.207862
748000,3,2,1592
1100000,3,2,1928
3995000,8,8,5046
659000,1,1,440
1099000,6,3,2018
319000,2,2,1102
999000,9,3,3168
398000,3,2,1571
249000,3,1,500
1299000,3,2,2648
8950000,3,6,6336
750000,5,3,1500
1100000,5,3,1916
1275000,3,4,2380
689000,2,2,750
320000,1,1,2184.207862
3995000,5,6,2184.207862
1399000,6,5,2500
395000,2,2,1089
1250000,4,2,2273
719000,3,2,1440
795000,3,4,1171
1175000,6,5,2184.207862
4250000,3,4,2054
2500000,3,4,2201
850000,3,2.3738608579684373,1600
1350000,4,2,2948
929000,5,2.3738608579684373,2200
549990,3,2,2184.207862
34000000,3,8,2184.207862
1550000,6,6,2184.207862
265000,1,1,2184.207862
879000,4,2.3738608579684373,1630
1200000,3,2.3738608579684373,2184.207862
7500000,4,2,4250
325000,2,1,2184.207862
755000,2,2,2184.207862
325000,2,2,2184.207862
1395000,2,1,2184.207862
649000,3,2,980
499999,2,1,800
999998,4,4,2720
1358000,6,3,2184.207862
1650000,5,4,2184.207862
680000,1,1,2184.207862
258888,1,1,650
660000,3,2.3738608579684373,1283
300000,1,1,2184.207862
318888,2,2,1270
330000,1,2,2184.207862
747000,11,1,747
699000,2,2,2184.207862
875000,1,1,2184.207862
385000,2,2,1100
985000,3,2,2184.207862
349000,1,1,1017
5950000,4,4,2184.207862
968000,3,2,1344
569000,2,2,2184.207862
238000,1,1,650
1200000,6,6,5712
4995000,4,3,2184.207862
911600,3,2,1596
598000,3,2,1144
472000,1,1,700
549000,1,2,2184.207862
3995000,3,2.3738608579684373,12200
472000,1,1,700
598000,3,2,1144
1085000,5,3,1200
680000,3,2,1535
200000,1,2.3738608579684373,637
210000,2,1,1000
525000,2,2,996
999000,5,3,2184.207862
1799000,3,1,5400
1900000,9,5,5000
519000,3,2,1200
728900,4,1,960
549000,2,1,2184.207862
2300000,6,2.3738608579684373,4346
299999,2,2,1300
1800000,7,4,2832
1195000,2,2,2184.207862
200000,1,1,2184.207862
2300000,6,2.3738608579684373,4346
1800000,7,4,2832
299999,2,2,1300
599000,2,2,1095
7500000,3,4,3050
1775000,2,2,2184.207862
1059000,6,3,2184.207862
1288888,3,4,1672
1299999,8,4,3448
1399999,3,2,2700
725000,3,2,2410
232500,1,1,2184.207862
250000,3,1,2184.207862
639000,2,2,862
950000,4,4,2060
12500000,3,2,4000
430000,2,1,2184.207862
299000,3,1,2184.207862
279000,3,1,1400
1725000,3,2,1508
1698000,4,4,3620
438000,2,2,1354
100000,3,1,512
299000,1,1,2184.207862
625000,2,2,995
350000,3,2.3738608579684373,1520
699999,3,2,2184.207862
529000,1,1,2184.207862
23000000,5,6,7058
599000,3,2,1208
279900,1,1,900
165000,1,1,875
270000,1,1,2184.207862
625000,2,1,825
279900,1,1,900
23000000,5,6,7058
1970000,4,4,3111
580000,5,2,1780
979000,3,2,1272
269000,2,1,2184.207862
1700000,3,4,2184.207862
499000,2,2,2184.207862
1699888,3,3,2275
3100000,6,4,2184.207862
499000,4,2,1752
1250000,6,2.3738608579684373,3312
245000,2,1,900
5800000,7,5,6360
2350000,5,4,4270
425000,3,1,450
799000,3,2,2340
725000,4,2,1700
3695000,2,2,1697
3100000,4,2.3738608579684373,3600
1499999,5,3,2184.207862
1250000,4,3,2184.207862
1199000,4,1,1840
28000000,4,4,5000
719000,3,2,2184.207862
169000,3,1,2184.207862
99000,1,1,850
399000,3,2.3738608579684373,1601
1300000,2,2,1140
888000,5,4,2184.207862
1308888,4,3,2184.207862
1265000,3,2,2184.207862
558000,1,1,751
1280000,4,2,2340
429000,2,2,1450
399900,2,2,853
499900,3,1,1040
429000,2,2,1450
2489000,4,4,2334
255500,1,1,950
30000000,5,2.3738608579684373,6000
395000,3,1,2184.207862
1090000,5,3,2184.207862
471300,4,2,2175
9450000,2,3,3918
1089000,4,2,1720
220000,1,1,500
9950000,10,10,8000
295000,2,1,950
1375000,5,4,2704
399000,2,2,1050
219999,2,1,800
129000,3,1,2184.207862
329000,1,1,2184.207862
639000,4,2,1856
750000,4,4,1240
499999,3,2,1763
560000,2,2,2184.207862
1268000,3,2,1513
1899000,7,4,2800
129000,3,1,2184.207862
888000,3,2,1600
2100000,20,8,7200
2900000,5,2.3738608579684373,6707
1250000,4,2.3738608579684373,2184.207862
1078000,3,2,2184.207862
3200000,4,4,2950
555555,1,1,2184.207862
293900,1,1,2184.207862
1175000,3,2,1192
160000,3,2.3738608579684373,2184.207862
999999,3,2,1880
1448000,5,4,2000
2950000,6,5,5436
150000,3,1,600
354900,2,1,673
580000,2,2,2184.207862
969000,3,2,1776
530000,1,1,538
3900000,5,6,7723
624999,3,2,2184.207862
551000,3,2.3738608579684373,2184.207862
14800000,8,10,2184.207862
450000,3,2.3738608579684373,1122
475000,2,1,1296
995000,3,2,2184.207862
650000,1,1,2184.207862
250000,2,1,2184.207862
125000,3,1,600
2200000,3,3,2195
925000,2,1,2184.207862
639000,3,2,2184.207862
215000,3,2.3738608579684373,1509
2050000,6,6,5600
279000,2,2,1050
785000,2,2,968
669000,3,2,1312
3650000,4,4,2880
6700000,4,4,3740
681000,6,3,2184.207862
530000,2,2,1672
1700000,2,2,1580
339000,1,1,1085
800000,3,2,1224
189000,1,1,700
48000000,5,2.3738608579684373,2184.207862
4995000,2,2,2184.207862
835000,5,2,2050
999999,2,2,1198
575000,3,2,877
349750,1,1,2184.207862
385000,1,1,2184.207862
7950000,4,2,3397
324900,2,2,1100
175000,3,1,2184.207862
915999,5,3,2184.207862
1850000,12,8,5250
40000000,5,6,7488
324900,2,2,1100
1850000,12,8,5250
175000,1,1,800
850000,2,1,775
729000,4,2,2184.207862
5995000,6,4,4000
480000,2,1,2184.207862
4200000,5,4,4480
1198000,4,2,2184.207862
1848000,6,2.3738608579684373,3676
285000,1,1,750
849000,5,3,2460
549000,3,2,1250
729000,2,2,1700
199999,1,1,2184.207862
4900000,8,2.3738608579684373,9000
600000,4,2,1728
599000,3,1,1340
599000,5,2,2268
725000,3,2,1185
1295000,3,2,2600
798888,3,2,1500
529000,3,1,1800
999998,3,2.3738608579684373,2400
499000,1,1,615
1550000,12,7,3000
319000,2,1,2184.207862
759000,3,4,1424
245000,3,1,260
1249000,5,3,1548
455000,2,1,939
319000,2,1,2184.207862
999900,4,2,2024
395000,2,1,666
620000,1,1,430
1295000,4,2.3738608579684373,3264
849000,3,2,1241
8995000,5,4,5500
650000,3,1,2184.207862
2995000,2,2,1452
495000,2,1,800
675000,3,2,1222
999000,3,1,600
2250000,2,2,1334
1299000,9,4,3720
429000,1,1,640
649999,3,2,2184.207862
10995000,7,6,9000
2050000,5,4,3000
1299000,4,2,1456
1075000,6,2,2200
174000,1,1,800
1193000,2,2,1518
4995000,4,4,2184.207862
12500000,9,2.3738608579684373,10500
898000,5,4,2828
1288000,5,3,1500
1749999,4,4,2600
575000,2,2,1253
5100000,4,2,2183
2000000,1,2,1321
170000,2,1,850
1295000,2,2,2100
749000,3,2,1332
1848000,3,4,3640
465000,2,2,2184.207862
298999,2,1,2184.207862
209900,1,1,780
539000,1,1,2184.207862
2975000,3,2,2184.207862
2099000,6,5,2184.207862
199900,1,1,925
789000,2,1,2184.207862
919000,3,2,1565
815599,3,2,2184.207862
1050000,4,4,3305
289999,1,1,830
4050000,4,3,2184.207862
7750000,3,2.3738608579684373,3375
1998000,6,3,3192
1250000,3,2,1281
680000,2,2,1058
1299000,4,2,2184.207862
899000,4,2.3738608579684373,2184.207862
845000,3,2,2184.207862
2098000,5,4,1200
899000,2,2,1300
758888,3,1,2184.207862
650000,2,1,2184.207862
169000,1,1,850
1350000,5,3,2184.207862
695000,2,2,2184.207862
1499000,5,2,2280
395000,3,2.3738608579684373,381
169000,1,1,850
395000,3,2.3738608579684373,381
445000,1,1,2184.207862
499000,3,2,1400
449000,3,1,2184.207862
649000,4,2,1120
335000,1,1,756
838000,8,4,2184.207862
1495000,2,2,1098
980000,4,4,3068
688000,3,2,1344
679000,6,3,2184.207862
999888,4,2,1900
375000,1,1,500
848724,2,2,2184.207862
1595000,3,8,2184.207862
568000,2,2,1253
1153000,4,2.3738608579684373,3980
2399000,10,5,2184.207862
349000,1,1,800
2999990,5,6,3600
899000,3,2,1400
169000,1,1,2184.207862
449999,4,3,1217
886545,6,4,2116
495000,3,2,1280
749000,4,3,2150
875000,4,3,2129
1630000,11,6,2184.207862
849000,2,1,720
110000,1,1,650
299999,2,1,650
335000,3,2,2184.207862
549000,3,1,1200
445000,3,2,1250
459000,2,1,1188
399998,4,2,1252
9500000,4,4,3655
999000,4,2,1957
650000,4,2,1482
880000,3,4,2100
1350000,5,3,2082
599000,2,2,2184.207862
225000,1,1,2184.207862
220000,3,1,2184.207862
289000,3,1,2184.207862
350000,1,1,2184.207862
1350000,5,3,2082
880000,3,4,2100
719999,3,2,2184.207862
1100000,2,1,807
259000,2,1,950
1699999,6,3,2754
669000,4,2,2184.207862
3400000,6,6,6290
549000,3,2,2184.207862
250000,3,2.3738608579684373,2184.207862
299000,3,1,2184.207862
1288000,5,2.3738608579684373,2184.207862
3345000,2,2,1875
1198000,6,5,2184.207862
897888,3,2,1260
575000,4,2,1604
230000,1,1,2184.207862
775000,1,1,2184.207862
250000,3,2.3738608579684373,2184.207862
3345000,2,2,1875
3400000,6,6,6290
575000,4,2,1604
897888,3,2,1260
1198000,6,5,2184.207862
1288000,5,2.3738608579684373,2184.207862
2100000,4,3,3512
230000,1,1,2184.207862
1080000,6,3,3600
378888,1,1,718
750000,3,2,1027
775000,1,1,2184.207862
7495000,6,4,2184.207862
698888,3,2,1440
850000,1,1,626
2999999,4,3,2800
1149999,6,3,2184.207862
2025000,2,2,1500
2695000,3,2,1950
192500,1,1,2184.207862
395000,1,1,550
1200000,7,2.3738608579684373,2184.207862
699000,2,1,800
649000,4,2,2184.207862
689000,3,2,1484
1895000,3,2,2184.207862
668000,2,2,2184.207862
2550000,3,2,1525
5500000,8,6,5925
1680000,1,1,3536
799000,1,1,684
680000,3,2,2200
1650000,1,2,1000
6750000,3,3,3000
580000,6,3,2940
700000,4,2,2266
550000,3,2,1410
315000,3,2,1344
1695000,2,2,1117
385000,2,1,2184.207862
2000000,5,3,3024
249999,2,1,750
749000,3,2,2184.207862
220000,3,2.3738608579684373,1396
270000,1,1,2184.207862
998000,4,2,2184.207862
1150000,12,6,4125
799999,5,4,2288
395000,3,1,2184.207862
2800000,2,2,1188
329888,3,1,2184.207862
311000,1,1,780
649000,3,2,804
159000,1,1,800
1148000,3,2,1890
669000,3,2,1480
305000,1,1,750
599000,3,2,2184.207862
1375000,3,2,1960
339000,2,2,906
849500,2,2,975
379000,4,1,1200
699000,2,2,967
565000,1,1,2184.207862
750000,4,3,2184.207862
1250000,9,3,3234
999000,2,2,1262
1350000,6,4,2184.207862
669900,3,2,1376
399000,3,1,2184.207862
779000,5,3,2000
1200000,5,2,2184.207862
895000,2,1,2184.207862
369000,3,1,2184.207862
299000,1,1,750
1780000,4,3,2184.207862
988000,5,2,3244
279000,2,1,810
285000,3,1,2184.207862
988000,3,3,1311
735000,1,1,800
2950000,2,2,2184.207862
899000,2,1,2184.207862
850000,4,2,2184.207862
670000,3,2,2184.207862
968000,4,2,2550
320000,2,2,1200
228888,1,1,900
199888,2,1,2184.207862
5995000,4,4,2184.207862
1430000,6,4,2840
1350888,4,3,2184.207862
699000,2,1,1100
699000,3,2,1296
2000000,3,2,1800
538888,3,2,1500
2450000,5,2.3738608579684373,2982
574999,3,2,1040
275000,1,1,2184.207862
1499888,4,3,2688
270000,3,1,275
675000,4,3,1832
149000,1,1,750
299999,2,1,863
595000,3,2,2184.207862
536000,2,2,1200
288000,2,1,2184.207862
19499999,4,4,10000
6995000,4,4,3400
799000,3,2,2050
4000000,4,4,3704
165000,1,1,625
1475000,2,2,1048
595000,3,1,721
3500000,10,8,6201
1090000,12,6,4875
2499000,6,2.3738608579684373,4500
699999,5,2,2218
899000,4,2,1672
549000,3,2,1152
3700000,6,4,2400
768000,5,2,1870
949000,4,2,2476
980000,6,3,2184.207862
849000,8,3,4428
269000,1,1,2184.207862
150000,3,2.3738608579684373,2184.207862
770000,2,1,2184.207862
750000,1,1,630
638000,3,2,1728
199000,1,1,2184.207862
239000,1,1,801
6999500,5,2.3738608579684373,4065
693000,4,2,2184.207862
1150000,5,3,2184.207862
549000,1,1,2184.207862
889000,3,2,2184.207862
1075000,7,3,2000
6995000,5,4,5000
155000,3,1,2184.207862
349000,2,1,800
825000,2,1,2184.207862
215000,2,1,789
1099000,3,2,2700
2900000,3,3,1979
215000,2,1,789
825000,2,1,2184.207862
349000,2,1,800
555000,3,1,1504
697777,3,2,2184.207862
14995000,6,2.3738608579684373,8500
850000,3,2,1152
1175000,3,3,2774
545000,1,1,2184.207862
749000,1,2,879
13000000,5,4,6000
549999,3,2,1677
365000,3,2,920
695000,2,2,845
848000,5,2,2184.207862
699000,3,2,1779
1075000,2,2,1250
998000,3,2,1600
540000,3,2,2184.207862
165000,3,1,550
779000,1,1,517
1399999,2,2,1041
569000,3,2,2184.207862
285000,3,2.3738608579684373,1536
6295000,4,4,4650
11500000,6,7,4908
199999,1,1,750
569000,1,1,490
345000,2,1,975
1448000,3,2,2184.207862
183000,1,1,831
1995000,5,4,3075
2250000,5,3,2105
650000,3,2.3738608579684373,1632
14000000,3,2.3738608579684373,2184.207862
785000,7,3,3388
2599999,6,6,6353
1850000,5,3,3000
435000,1,1,661
1899000,8,4,2184.207862
875000,6,2,2340
1479000,2,1,2184.207862
2250000,3,2,2025
799000,2,2,922
12000000,10,10,5227
205000,1,1,1000
897000,3,2,1664
1195000,1,2,2184.207862
1100000,6,3,2184.207862
1999000,5,4,3000
1215000,13,7,5250
1250000,3,2,2110
9000000,5,4,17860
575000,3,2,1350
19995000,11,11,11110
399000,1,1,2184.207862
12995000,5,4,4100
1245000,4,3,2388
798000,2,2,1190
475000,5,2,1790
399000,1,1,616
780000,3,3,1344
450000,1,1,776
889000,6,3,2184.207862
6900000,10,10,6060
765000,3,4,1888
399000,3,2,1492
585000,1,1,2184.207862
585000,1,1,2184.207862
1450000,12,6,2184.207862
1388888,6,3,2160
779000,4,2,2184.207862
395000,3,1,2184.207862
948000,4,2,1492
550000,1,1,720
549999,3,1,1020
950000,6,3,2184.207862
2295000,5,4,4043
799000,6,4,2200
290900,2,1,850
474900,2,2,1054
365000,1,1,2184.207862
199000,1,1,2184.207862
7995000,3,4,2789
480000,1,1,506
1450000,2,1,2184.207862
695000,3,2,2184.207862
1249000,3,4,2400
635000,3,2,1200
1759000,3,2.3738608579684373,2100
499000,2,1,2184.207862
999000,3,6,2184.207862
17995000,6,7,8068
2175000,5,2.3738608579684373,3317
639000,3,2,2184.207862
999000,3,6,2184.207862
1099000,2,1,2184.207862
318000,1,1,638
475000,3,1,2184.207862
875000,4,2,2034
739900,4,2,2000
409000,2,1,2184.207862
275000,2,2,969
989000,4,4,2184.207862
1750000,9,8,5000
285000,3,1,2184.207862
12495000,4,2,7825
695000,2,2,1200
3450000,6,4,4400
435000,2,1,925
220000,2,1,922
1988800,3,4,2071
3300000,2,2,2184.207862
135000,1,1,792
468000,2,1,1200
5999999,4,4,4375
318000,1,1,748
649000,2,1,705
1875000,3,2,1496
1350000,3,2,1584
3345000,4,4,3000
899000,1,2,2184.207862
799000,3,2,1816
5000000,3,3,2162
464998,2,2,1657
5250000,3,3,1757
1995000,2,2,1200
504000,3,2,1004
1295000,2,1,2184.207862
1995000,2,2,1200
464998,2,2,1657
5250000,3,3,1757
699000,3,2,864
949000,7,3,2745
1488000,2,2,1464
800000,5,2.3738608579684373,1584
319999,1,1,660
999000,3,2,1301
475000,1,1,950
399000,3,1,2184.207862
479900,3,2,1088
615000,2,4,1568
1150000,3,2,1700
225000,1,1,2184.207862
284888,1,1,2184.207862
585000,1,2,869
720000,4,2,936
659000,3,2,1468
249000,2,1,900
1495000,3,2,1650
295000,1,2,980
699000,4,4,1619
738000,4,2,2184.207862
400000,2,1,2184.207862
289000,1,1,750
187000,4,1,1076
3500000,8,7,4952
4995000,6,6,4000
3400000,3,3,2184.207862
155000,1,1,2184.207862
689000,3,2,1500
2150000,5,3,2940
675000,3,1,2184.207862
889000,3,2,2052
260000,1,1,800
4200000,3,3,2584
749000,1,2,908
639000,3,2,1360
799000,5,2,2184.207862
700000,3,2,1245
297000,3,1,600
455000,1,1,725
6500000,3,4,2190
1299000,11,8,4560
1279000,16,8,3550
799000,3,1,1200
475000,2,2,1150
209000,1,1,2184.207862
1325000,4,3,2200
259000,1,1,625
899000,4,3,1960
1325000,6,5,2184.207862
345000,3,2,1100
1088000,4,2,2184.207862
669000,3,2,2191
1388000,3,2,2520
1475000,5,3,2637
1088000,4,2,2184.207862
1375000,2,2,2184.207862
1099000,3,4,2037
25000000,3,2.3738608579684373,2184.207862
900000,4,3,2184.207862
599000,2,2,1350
1295000,2,2,2184.207862
479900,1,1,550
4200000,3,1,2560
188000,3,1,300
479900,1,1,550
1295000,2,2,2184.207862
739999,4,2,1976
475000,3,2,1204
2250000,6,4,3432
875000,2,2,1050
499000,3,2,1786
749000,4,2,2184.207862
4400000,3,3,3500
855000,3,2,1383
525000,2,1,1300
715000,2,2,1021
7950000,4,4,2184.207862
550000,3,2,1424
17500000,7,4,6300
1528000,4,2,2184.207862
1287777,5,2,2184.207862
330000,3,1,2184.207862
375000,1,1,2184.207862
875000,3,2,2184.207862
750000,3,2,2184.207862
1350000,3,3,2184.207862
27000000,5,7,2184.207862
599000,1,1,755
1200000,6,3,2184.207862
1200000,6,3,2184.207862
749000,4,3,2013
1900000,6,4,2565
590000,3,1,1360
1395000,3,2,1494
3595000,6,3,2184.207862
1300000,14,6,5103
868000,3,2,1452
1248000,6,3,2400
1449000,7,3,2400
338000,1,1,2184.207862
270000,3,2.3738608579684373,1158
765000,3,2.3738608579684373,2500
988000,2,2,2451
339000,1,1,2184.207862
1099000,6,6,3219
1181000,2,2,1541
219000,1,1,2184.207862
588000,3,1,1080
805000,6,2,2042
929000,3,2,1309
670000,1,2,908
649000,3,2,1152
439900,2,1,1000
2850000,3,2,2184.207862
358000,2,1,2184.207862
299000,1,1,2184.207862
1389000,7,2,2184.207862
459999,1,1,640
1999000,4,2,2600
2395000,5,2.3738608579684373,2560
1180000,6,5,1810
650000,2,2,1200
589000,2,2,1100
515000,3,1,882
750000,2,3,1530
1499999,2,2,901
1525000,3,2.3738608579684373,2572
1395000,1,1,2184.207862
900000,5,3,2487
1099999,4,2,1874
498888,1,1,750
199000,1,1,2184.207862
1495000,4,4,2600
869000,3,2,2184.207862
239000,3,1,450
1299000,4,2,2080
2350000,6,4,2700
1788000,4,4,2716
325000,4,1,2184.207862
299900,1,1,525
439999,1,2,1215
899000,4,2,1224
4950000,4,2.3738608579684373,3800
1895000,5,4,2400
759000,3,2,2184.207862
699000,3,2,1250
1590000,5,4,2880
234900,1,1,753
675000,2,1,2184.207862
1500000,3,2,2000
2300000,3,2.3738608579684373,21000
1075000,5,4,2905
1325000,5,2,2208
525000,2,1,1000
385000,2,2,2184.207862
199000,1,1,2184.207862
670000,2,2,2184.207862
975000,3,2,2184.207862
799000,3,2.3738608579684373,2184.207862
305000,2,1,600
299999,3,1,2184.207862
1980000,5,2,2652
1299000,5,2,2184.207862
140000,1,1,2184.207862
279000,1,1,2184.207862
1995000,2,2,1562
329000,2,1,2184.207862
750000,1,1,943
999990,6,4,2184.207862
430000,3,1,2184.207862
349000,3,2,1180
599000,3,2,1052
4295000,9,11,6270
175000,1,1,800
999000,4,4,3570
1335000,3,2,2184.207862
849999,2,2,1365
136999,1,1,750
699000,2,2,1320
329000,1,1,2184.207862
825000,1,1,750
685000,1,1,2184.207862
4100000,3,4,2200
8850000,3,4,5094
189000,1,1,2184.207862
8999999,6,6,5500
408000,1,1,787
559000,1,1,830
949000,4,4,2920
379000,2,1,1000
815000,1,1,630
599000,2,2,1200
280000,2,2,975
3999500,3,2.3738608579684373,2184.207862
875000,9,6,5712
310000,2,1,2184.207862
1299900,6,4,2504
2225000,2,2,1420
1530000,2,2,1229
594900,3,2,1224
1080000,8,5,2184.207862
1425000,4,3,2184.207862
1399888,7,4,3682
36000000,8,10,16000
575000,2,2,2184.207862
850000,1,1,2184.207862
1288000,3,2,2184.207862
309000,1,2,1074
999000,3,1,2184.207862
2700000,5,2,2690
399000,3,2,2184.207862
554900,3,2,1890
399000,1,1,561
675000,2,2,904
225000,1,1,2184.207862
999999,3,2,2184.207862
164999,3,1,400
13000000,4,4,3844
235000,1,1,2184.207862
29000000,5,2.3738608579684373,5508
715000,3,1,983
565000,2,1,2184.207862
1650000,7,6,2184.207862
1200000,2,2,1100
3975000,4,4,3181
1049000,2,1,2184.207862
949900,4,2,1680
1199000,6,3,2184.207862
765000,4,2,2184.207862
1049000,2,1,2184.207862
949900,4,2,1680
1199000,6,3,2184.207862
849000,3,2,1296
999000,4,3,2184.207862
1280000,9,6,2184.207862
1999000,3,4,2840
560000,1,1,700
26995000,8,10,8360
1450000,5,4,3252
1599000,5,3,2424
255000,1,1,650
995000,2,2,2184.207862
5827000,3,2.3738608579684373,55300
995000,2,2,2184.207862
5827000,3,2.3738608579684373,55300
569000,2,2,2184.207862
7195000,3,4,2184.207862
398000,3,1,2184.207862
3200000,4,4,3200
799999,3,4,2337
758888,4,2,2184.207862
619999,3,2,2184.207862
198000,1,1,1000
485000,2,1,560
859000,3,2,2184.207862
359000,2,1,2184.207862
725000,2,2,2184.207862
575000,2,1,2184.207862
1288000,5,5,2500
589000,2,2,1808
239000,1,1,2184.207862
2050000,7,4,5200
259000,3,1,250
900000,2,2,2184.207862
219000,3,1,550
1795000,3,2,1773
2290000,4,5,2184.207862
10850000,4,2.3738608579684373,13000
699000,2,2,1519
998000,3,2,2184.207862
1100000,3,2.3738608579684373,2184.207862
2198888,11,6,2184.207862
425000,3,2,1300
2750000,3,3,2782
279999,1,1,790
715000,3,2,2184.207862
980000,3,3,1574
949000,6,3,2184.207862
1600000,4,2,2350
640000,2,1,2184.207862
1299999,7,5,2184.207862
250000,1,2,740
1188000,3,2.3738608579684373,2184.207862
1350000,7,4,2800
725000,3,2.3738608579684373,1498
309000,1,1,850
914999,4,2,2184.207862
600000,3,1,2184.207862
1750000,4,3,3225
950000,3,2,1401
850000,5,3,2184.207862
5000000,2,2,2522
1050000,3,2,1870
1390000,4,3,1950
400000,3,1,2184.207862
750000,3,2,2184.207862
9995000,3,4,2926
529000,2,2,1200
1328888,3,2,1440
478888,2,2,1159
1350000,1,1,850
2250000,2,2,2184.207862
728000,2,1,1440
239900,1,1,2184.207862
3399000,6,4,5000
2750000,2,2,1892
2095000,2,2,1600
199900,3,1,550
2500000,3,3,2184.207862
1399999,4,4,2776
2300000,3,2,2800
735000,3,2,2184.207862
399990,2,1,1000
850000,3,3,2646
215000,3,1,625
199900,3,1,550
130000,1,1,720
16995000,4,4,3310
1195000,3,2,2184.207862
679000,1,1,2184.207862
299998,2,1,1200
690000,2,2,942
185000,2,1,854
859000,3,2,2184.207862
928888,4,2,1480
780000,2,2,955
1190000,3,2,1360
1400000,2,2,2184.207862
599000,2,1,1100
639999,3,2,1180
799000,1,1,2184.207862
14950000,3,4,3228
749000,3,2,1600
2999999,4,4,3100
599000,2,3,2184.207862
2700000,2,2,2184.207862
3995000,4,4,3412
2235000,3,4,2750
620000,3,2,1400
1695000,4,4,2184.207862
1999999,3,2,1865
1150000,2,2,1850
339000,2,1,822
1390000,5,2,2184.207862
938000,3,2,1836
919000,6,3,5400
425000,3,2,1150
19995000,6,2.3738608579684373,8300
1249000,5,2,2184.207862
799000,2,2,1000
475000,1,1,750
3800000,6,4,3340
325000,3,1,1200
1200000,2,2,1200
6975000,2,2,3050
1150000,2,2,2184.207862
2400000,4,4,3424
3500000,4,4,2700
769000,3,2,2184.207862
2975000,4,4,2968
1860000,6,4,2184.207862
4000000,32,12,7188
1250000,2,2,1257
220000,1,1,750
1179987,5,4,4143
949000,7,6,3733
920000,5,4,2184.207862
699000,3,2,1312
4000000,3,2,2300
649000,3,3,1456
1175000,1,2,1070
995000,2,2,800
1595000,3,2,1375
435000,3,1,2184.207862
649000,3,3,1456
995000,2,2,800
1338000,3,2,2082
499000,2,2,1146
2280000,6,5,2184.207862
660000,3,2,2184.207862
349000,2,1,800
14750000,6,6,8790
160000,2,1,900
12500000,4,4,3550
370000,3,1,462
600000,1,1,715
1950000,2,2,1000
2000000,3,2,1800
1250828,7,2,2184.207862
1149000,4,3,1800
329999,2,1,950
390000,2,1,1100
400000,3,1,2184.207862
239000,1,1,700
1188888,4,2,2184.207862
18500000,4,4,4856
567000,3,2,2184.207862
8900000,5,5,4297
189000,3,1,2184.207862
985000,3,2,2184.207862
839000,3,2,1120
995000,3,2,2184.207862
1439000,4,2,1625
379000,2,1,900
3195000,4,4,2184.207862
1439000,4,2,1625
1245000,5,2,1800
1995000,4,4,2184.207862
365000,4,3,1600
950000,2,2,1025
4195000,6,6,2184.207862
209000,1,1,658
1390000,5,4,1992
8250000,6,6,3920
429000,2,1,850
950000,1,1,2184.207862
699000,3,3,2835
450000,1,1,724
1190000,4,2,1500
2995000,2,2,2184.207862
349980,3,1,2184.207862
339000,1,1,693
649000,3,2,1257
4695000,3,4,2600
189999,1,1,2184.207862
189999,1,1,2184.207862
699000,3,3,2835
349980,3,1,2184.207862
399888,3,4,1613
1199900,4,4,2393
1395000,3,4,2472
2759000,6,6,2184.207862
2995000,4,3,2135
399000,1,1,2184.207862
16995000,5,4,4230
650000,2,1,1060
2599000,4,3,3510
1195000,4,2,2625
1288000,3,2,1188
2099000,2,2,1447
1275000,5,3,1920
1999999,12,6,2184.207862
16995000,5,4,4230
10750000,8,2.3738608579684373,7327
650000,1,1,2184.207862
4800000,3,4,3475
1279900,3,2.3738608579684373,3812
1680000,7,4,3780
299000,1,1,850
845000,1,1,2184.207862
415000,3,1,2184.207862
449000,1,2,1213
1250000,3,2,1287
4395000,5,4,2184.207862
315000,1,1,2184.207862
499000,2,1,900
699000,3,2,1700
625000,4,2,1268
749000,3,2,2184.207862
949000,4,2,1600
1495000,3,1,2184.207862
2395000,6,4,3972
625000,4,2,1268
1250000,3,4,3328
749000,3,2,2184.207862
3165000,9,5,2184.207862
205000,1,1,2184.207862
1198000,1,2,2184.207862
2199000,3,3,3454
5495000,3,2,3000
625000,1,1,2184.207862
1449999,3,2.3738608579684373,1890
1399000,5,4,2184.207862
525000,3,1,322
12000000,4,2.3738608579684373,5500
1299000,3,2,1700
269000,1,1,2184.207862
450000,1,1,2184.207862
899999,4,2,2194
925000,2,2,1077
279000,1,1,600
1795000,2,2,2184.207862
1250000,2,2,2184.207862
560000,3,1,622
999000,3,2,1260
1188000,6,2,2186
948888,3,1,950
735000,2,2,832
1399000,13,5,2184.207862
3600000,3,4,2184.207862
1850000,8,4,5000
789000,2,1,2184.207862
569000,3,1,2184.207862
1700000,2,2,1135
12995000,4,4,4155
295000,2,1,613
625000,1,1,650
399000,3,1,391
5700000,3,4,2357
618000,3,2,2184.207862
149999,1,1,694
650000,3,1,550
1990000,5,2.3738608579684373,2184.207862
550000,1,1,2184.207862
279000,1,1,2184.207862
399000,2,1,1090
2495000,3,2.3738608579684373,4125
3695000,10,8,2184.207862
299000,3,1,394
239500,1,1,864
235000,1,1,850
680000,1,1,2184.207862
629000,3,3,1280
1039000,3,2,2300
2200000,3,2.3738608579684373,3760
380000,3,2.3738608579684373,600
599000,2,2,2184.207862
530000,3,2,1280
598000,1,1,2184.207862
1449000,4,2,1632
459000,1,1,2184.207862
825000,5,2,2184.207862
745000,2,2,2184.207862
440000,2,1,2184.207862
7750000,3,4,2855
399900,3,2.3738608579684373,2184.207862
990000,1,1,791
399900,3,2.3738608579684373,2184.207862
1150000,4,3,2184.207862
990000,1,1,791
2300000,1,2,1100
4999000,3,2,2160
350000,1,1,738
1900000,5,4,3640
2498000,6,6,3184
3500000,3,2,2184.207862
995000,5,2,2128
193999,3,1,435
245000,3,1,713
8495000,3,4,4781
12500000,4,4,2938
849000,3,3,2184.207862
500000,1,2.3738608579684373,2184.207862
1895000,3,2,1929
189900,1,1,600
5500000,3,4,2184.207862
10850000,4,2.3738608579684373,4372
999000,5,4,1980
2195000,3,2,1708
1260000,7,2,2000
675000,1,1,2184.207862
225000,2,1,600
229000,1,1,650
1275000,6,5,2500
5495000,5,4,4014
850000,2,2,2184.207862
450000,4,3,2184.207862
950000,3,2,2184.207862
730000,4,3,1648
830000,2,2,2184.207862
829000,5,4,2184.207862
555000,3,1,2184.207862
888000,4,2,2184.207862
1149000,6,3,2600
648000,3,2,2112
499000,2,1,825
450000,2,1,1249
3900000,6,3,2184.207862
558000,3,2,1108
1695000,4,2,2184.207862
725000,5,2.3738608579684373,2184.207862
940000,3,2,2184.207862
539000,2,2,821
99000,1,1,859
895000,2,2,1111
995000,3,2,1300
2550000,3,2,2400
345000,2,1,1000
879000,4,2,2240
945000,2,1,2184.207862
939999,3,2,3096
500000,3,2,1200
475000,1,1,2184.207862
1288000,3,4,2184.207862
3099000,36,16,12460
1238000,3,2,1500
1450000,2,2,2184.207862
370000,2,1,800
595000,1,1,574
2799000,3,3,2350
289000,1,1,520
595000,1,1,2184.207862
669000,3,1,1080
1288000,3,4,2184.207862
13995000,5,2.3738608579684373,6815
2095000,4,4,2184.207862
585000,3,1,1050
699000,3,2,1538
340000,1,1,850
15500000,5,5,4193
199999,1,1,550
2495000,5,4,4230
799000,2,2,1043
888888,4,3,2088
1690000,3,2,1536
8950000,2,2,2270
1449000,3,4,3600
1295000,2,2,1160
599000,1,1,800
628000,3,2,960
593000,2,2,1312
634900,2,2,2184.207862
499900,2,2,960
540000,3,1,509
1950000,3,2,2184.207862
379000,2,1,2184.207862
299000,1,1,800
850000,6,3,2230
199999,9,3,2184.207862
899000,4,3,1892
1299000,10,6,4500
699000,3,3,2184.207862
579000,2,2,750
585000,3,2,1008
579000,2,1,2184.207862
499000,3,3,2184.207862
350000,3,2,1137
1250000,3,2,2072
899000,4,3,2184.207862
1979000,5,2.3738608579684373,3150
599000,3,2,780
779000,4,2,2188
25000000,6,6,2184.207862
350000,3,2,1137
899000,4,3,2184.207862
1195000,2,2,2184.207862
1995000,2,3,1838
564900,1,1,769
1250000,6,4,2184.207862
15000000,4,4,2184.207862
1399000,4,3,2283
1250000,4,2,3160
335000,1,1,2184.207862
685000,4,2,2000
279999,2,1,666
418000,2,1,2184.207862
1780000,10,7,2184.207862
520000,2,1,741
599900,3,2,1248
885000,6,5,2680
258000,1,1,650
700000,2,2,1124
25750000,6,6,2184.207862
999000,4,3,2184.207862
898000,3,1,2744
500000,1,1,720
695000,3,2,1926
215000,3,1,2184.207862
759000,3,1,2184.207862
375000,1,1,1185
2700000,24,24,18936
2100000,3,2,1902
389888,1,1,730
285000,1,1,900
2795000,4,2,2184.207862
674999,3,1,1299
12995000,4,4,5608
759000,3,2,1260
995000,2,2,1030
229000,1,1,2184.207862
239000,1,1,800
315000,2,1,2184.207862
1100000,5,3,2192
225000,1,1,2184.207862
868000,3,2,1484
1380000,5,3,2184.207862
1100000,4,2,1800
865000,1,1,2184.207862
1895000,3,2,1230
749000,3,2,1800
775000,5,2,1600
2395000,2,2,1650
2300000,8,6,4000
700000,1,2,900
775000,5,2,1600
749000,3,2,1800
450000,3,1,494
865000,1,1,2184.207862
280000,3,1,2184.207862
1100000,4,2,1800
1895000,3,2,1230
3890000,3,4,2446
560000,2,1,2184.207862
198000,1,1,2184.207862
1099000,3,2,1092
779000,1,1,800
1880000,5,2,1850
509000,3,1,1100
499000,1,1,845
204888,3,1,2184.207862
1499000,8,3,3300
1295000,8,3,3050
7500000,3,2.3738608579684373,6000
395000,1,1,519
760000,4,2,1490
988000,4,3,1552
528000,2,1,753
949000,5,4,2184.207862
420000,2,1,840
1380000,6,4,2184.207862
1750000,3,2,1494
268000,1,1,850
849000,3,2,2184.207862
1095000,3,2,2184.207862
4295000,3,2,2615
720000,3,2,2184.207862
1900000,3,2.3738608579684373,3500
729999,3,2,1056
425000,3,1,2184.207862
848000,3,3,1080
213000,3,1,430
795000,3,2,1725
749000,3,1,2184.207862
1350000,2,1,2184.207862
649000,2,2,1500
439000,2,1,900
1699000,5,5,2184.207862
2375000,2,2,986
349999,1,1,2184.207862
425000,2,1,2184.207862
1650000,3,4,2272
1225000,4,2,2184.207862
699000,3,2.3738608579684373,2184.207862
1150000,1,1,984
2399000,5,5,2184.207862
989000,8,5,3252
318888,1,1,875
799000,2,2,1549
489000,2,1,950
398000,2,1,900
1190000,3,2,1088
795000,5,2,2184.207862
750000,3,4,2184.207862
899999,3,3,1750
795000,5,2,2184.207862
750000,3,4,2184.207862
899999,3,3,1750
1325000,3,2,1597
595000,1,2,846
10700000,42,43,27152
330000,1,1,726
2998000,3,3,1763
425000,2,1,2184.207862
345000,2,1,1000
999000,2,2,1187
450000,3,2.3738608579684373,2184.207862
135000,2,1,750
261250,2,1,857
728000,3,2,1450
199000,3,2,1100
3200000,3,2.3738608579684373,3735
1950000,3,3,1300
600000,2,2,900
3200000,3,2.3738608579684373,3735
569000,1,1,739
749000,1,1,2184.207862
2488000,4,2.3738608579684373,3850
1138000,5,3,1026
1359000,11,6,2240
3720000,8,8,5500
974998,7,2,2184.207862
300000,3,1,600
729000,3,3,2184.207862
750000,2,2,2184.207862
599000,3,2,1120
11950000,6,5,5336
825000,1,2,1100
800000,3,2.3738608579684373,2184.207862
289000,3,1,2184.207862
4750000,4,4,4100
899999,2,1,2184.207862
868000,2,2,1152
3995000,3,3,1637
1500000,3,2,1240
625000,4,2,2184.207862
749000,1,1,2184.207862
520000,3,2.3738608579684373,1705
749900,5,2,1400
799000,6,4,2310
959000,3,4,1993
888000,5,3,2980
725000,2,2,988
1065000,2,2,2184.207862
19995000,7,6,8200
744000,2,1,890
675000,3,0,2780
4595000,4,4,3052
475000,1,1,2184.207862
189000,2,1,800
998888,4,3,2184.207862
675000,3,0,2780
4500000,1,2.3738608579684373,5400
32000000,4,6,7500
3250000,6,4,3059
769000,7,2,2100
648998,3,2,1296
1699900,7,5,2418
3250000,8,5,2184.207862
395250,1,1,650
539000,3,2,972
1348000,5,2,2184.207862
1450000,3,3,1855
465000,2,1,2184.207862
6500000,2,2,1639
297000,1,1,800
244900,1,1,518
2480000,4,4,5150
230000,1,1,2184.207862
780000,2,2,825
4875000,3,3,2184.207862
539999,3,2,2184.207862
750000,2,2,1193
2249000,2,3,2321
270000,2,1,700
399000,2,1,2184.207862
1950000,2,2,2184.207862
240000,2,1,2184.207862
628000,3,2,900
399000,2,1,2184.207862
687000,2,1,2184.207862
588000,2,2,2000
825000,5,3,2184.207862
240000,2,1,2184.207862
285000,2,1,835
595000,3,1,915
899000,2,2,1697
2995000,5,2,4900
1180000,4,3,2184.207862
799900,4,4,1816
130000,1,1,2184.207862
849999,3,2,2184.207862
185000,1,1,850
1275000,4,2.3738608579684373,2184.207862
2798000,5,3,3400
359000,2,1,950
435000,1,1,2184.207862
988000,3,1,1296
800000,1,1,2184.207862
400000,2,1,2184.207862
965000,5,3,3520
1389000,5,2,2412
525000,3,2,1185
849999,3,2,2184.207862
289000,1,2,1213
10000000,7,8,2184.207862
279000,2,1,2184.207862
15995000,5,2.3738608579684373,2184.207862
1850000,3,4,2184.207862
2599000,11,6,5088
250000,1,1,800
2250000,3,2,2000
1800000,9,7,2184.207862
350000,3,2,1100
1649000,4,3,1452
1395000,2,2,1028
1370000,6,3,2184.207862
360000,2,1,2184.207862
1050000,1,1,2184.207862
2200000,2,2,1308
650000,3,2.3738608579684373,1218
345000,3,2.3738608579684373,2184.207862
7850000,5,4,6060
4999000,8,5,4120
4900000,4,2.3738608579684373,3100
299000,3,1,2184.207862
1578000,5,3,2152
715000,3,2,2184.207862
600000,3,1,2184.207862
850000,3,2,1090
1949000,2,2,1288
1599999,5,4,3773
640000,3,2,1110
799900,3,4,3510
1599000,6,4,3690
695000,3,1,650
740000,3,2,1976
329000,1,1,764
750000,4,2,2340
1450000,4,4,1746
1999999,3,3,1800
899888,4,2,2185
379000,2,1,900
879000,4,2,1824
1030000,2,2,1077
699999,1,2,2184.207862
388000,2,1,2184.207862
1750000,1,1,937
995000,1,1,2184.207862
599999,5,4,2184.207862
300000,1,1,2184.207862
389000,1,1,900
875000,1,2,2184.207862
3000000,3,3,2100
850000,3,2,2194
3595000,5,4,4675
925000,3,2,2184.207862
799000,5,3,2184.207862
1399000,4,2,1800
1880000,3,5,1920
375000,3,1,2184.207862
269000,1,1,625
925000,3,2,2184.207862
799000,5,3,2184.207862
4500000,6,4,2184.207862
589000,3,2,1120
239000,1,1,700
385000,1,1,2184.207862
1000000,1,1,773
2800000,5,4,3400
130000,3,1,2184.207862
789888,4,2,1865
798000,3,2,760
495000,1,1,2184.207862
555000,1,1,649
1274000,3,2,2184.207862
349000,2,1,2184.207862
2500000,3,2.3738608579684373,2184.207862
1250000,1,1,2184.207862
2495000,8,8,5374
749900,3,1,830
1399900,4,4,3149
948888,2,2,950
775000,4,2,1230
475000,3,2,1280
2595000,3,3,1449
1199000,3,1,2726
750000,1,1,654
713000,2,2,1040
300000,1,1,2184.207862
2695000,3,3,2184.207862
450000,2,2,2184.207862
699000,1,1,2184.207862
10950000,8,8,9555
225000,1,1,2184.207862
5925000,3,4,2539
225000,1,1,2184.207862
5925000,3,4,2539
255000,1,1,2184.207862
2500000,12,2.3738608579684373,4140
2095000,4,4,3223
10250000,7,6,5200
750000,1,1,2184.207862
2999000,9,8,5560
199000,3,1,650
1250000,7,3,1800
2425000,2,2,1300
205000,1,1,660
2500000,5,6,3860
3499000,6,8,6000
649000,1,2,1000
729000,2,1,2184.207862
998500,3,2,2184.207862
765000,4,2,1152
599000,2,2,705
11500000,5,5,5276
595000,1,2,2184.207862
675000,1,1,2184.207862
949000,8,3,3500
729000,2,2,950
895000,2,1,520
2449000,3,2.3738608579684373,3000
399999,2,1,2184.207862
397000,2,1,1000
950000,2,1,1800
3995000,4,3,2578
599000,1,1,780
1999999,4,3,2729
3370000,2,2,2184.207862
6995000,4,5,4187
1598000,4,4,2184.207862
699000,2,2,1030
265000,3,1,650
1699000,5,3,2488
1098000,4,4,2184.207862
960000,1,1,834
1086300,2,1,780
859000,6,4,2820
945000,2,2,2184.207862
549000,2,2,2184.207862
969999,6,4,2184.207862
1649000,8,3,2184.207862
2800000,2,2,1412
449000,2,1,2184.207862
294500,1,1,2184.207862
990000,8,4,3120
314000,2,1,847
449000,2,1,2184.207862
1598000,7,2.3738608579684373,2184.207862
208000,3,1,2184.207862
169900,2,1,900
235000,1,1,2184.207862
278000,1,1,2184.207862
998000,6,2.3738608579684373,2236
6400000,3,4,2184.207862
385000,2,1,920
250000,1,1,750
1849000,6,3,2184.207862
449500,3,2,2184.207862
1250000,5,2,2184.207862
1099000,7,3,2322
1900000,4,2,1400
2500000,2,2,1250
1288000,3,3,1696
1150000,1,1,2184.207862
825000,3,2,2184.207862
4195000,5,4,2184.207862
675000,3,2,1444
875000,2,1,922
297000,1,1,2184.207862
485000,1,1,575
230000,2,1,800
629000,4,2,2184.207862
625000,3,2,1040
1200000,5,2,2184.207862
7550000,5,5,2184.207862
499000,2,2,1358
485000,3,2,1200
399000,3,2.3738608579684373,2184.207862
14000000,3,2.3738608579684373,23027
299000,1,1,2184.207862
2200000,6,6,2184.207862
465000,2,2,708
278000,1,1,750
709000,3,3,2184.207862
685000,2,2,2184.207862
4500000,2,2,1800
779000,3,2,1540
640000,3,2,1224
449000,2,2,1200
1100000,2,1,2184.207862
550000,3,2.3738608579684373,2184.207862
1899000,3,2,1900
599900,3,2,1204
22500000,4,2.3738608579684373,4000
739000,2,2,1473
7995000,3,4,2184.207862
1425000,2,2,2184.207862
749000,4,2,2184.207862
548000,1,1,950
950000,1,1,560
399000,1,1,2184.207862
1460000,2,2,2184.207862
269000,3,1,2184.207862
1695000,1,2,1072
155000,3,1,2184.207862
449000,2,1,764
825000,2,2,930
938000,5,3,1890
690000,2,2,1500
1499000,5,2.3738608579684373,2088
795000,2,1,2184.207862
300000,2,1,800
1100000,2,2,2184.207862
5000000,2,2,1780
2500000,8,4,6425
425000,1,1,603
280000,3,1,2184.207862
1149000,3,2,1660
410000,2,2,2184.207862
268000,1,1,660
6000000,4,4,2184.207862
4650000,3,3,2184.207862
24500000,6,8,8400
660000,2,2,970
465000,2,2,1048
1175000,2,2,1072
698999,3,2,2184.207862
5250000,4,4,2184.207862
1078000,3,2,1260
349000,1,1,652
269995,1,1,2184.207862
1590000,7,4,1739
4650000,3,3,2184.207862
425000,1,1,603
375000,1,1,900
6999000,6,3,2184.207862
1398000,4,2,2184.207862
750000,3,2,1868
629000,1,1,2184.207862
1150000,3,2,1280
12500000,4,6,7500
699900,3,2,1420
1098888,2,3,2184.207862
519000,2,2,1079
1200000,3,2.3738608579684373,3280
279000,1,1,2184.207862
1325000,6,4,2184.207862
635000,4,2,1684
499000,3,2,1450
1100000,7,2.3738608579684373,1040
199000,1,1,600
550000,2,2,1012
518000,3,2,2184.207862
26000000,8,6,10940
1250000,2,2,1057
8750000,3,4,4275
1465000,2,1,1107
278000,1,1,2184.207862
469000,2,1,2184.207862
225000,1,1,2184.207862
1100000,4,3,3664
1960000,8,7,2184.207862
799000,4,2,1560
949000,5,3,2184.207862
799000,4,2,1716
699000,3,3,1280
900000,3,2,1248
1100000,4,3,3664
1235000,8,5,2538
3295000,2,2,2184.207862
595000,2,1,2184.207862
269000,3,1,485
548000,2,2,1354
6995000,4,4,2184.207862
1150000,2,1,900
595000,1,1,2184.207862
799000,5,2,1500
2110000,2,2,1326
4200000,5,4,4480
450000,4,2,2184.207862
385000,1,1,779
649999,4,1,2184.207862
539000,2,1,708
550000,3,2,1292
1525000,3,2,1650
2100000,6,2,2720
625000,3,2,1944
728888,4,3,1379
739000,2,1,2184.207862
1290000,3,2,2184.207862
675000,3,2,1750
950000,3,2,1364
550000,3,2,1221
1099999,3,1,1100
906300,8,4,3116
5900000,3,4,3000
2700000,3,3,1689
659000,4,2,2184.207862
898000,1,2,1340
189990,1,1,2184.207862
2150000,6,2,2184.207862
550000,3,1,2184.207862
2100000,3,3,1968
1088888,3,4,2550
499000,5,2,1236
1795000,4,3,2184.207862
2300000,2,2,1163
749000,3,3,1368
594900,2,1,729
1399000,4,2,1700
639000,2,2,800
1995000,9,3,3600
1250000,5,2,2376
275000,3,1,363
3495000,3,3,2184.207862
325000,2,1,2184.207862
500000,3,2,2184.207862
349000,3,1,500
3195000,4,4,3612
24950000,7,5,12000
709999,4,2,2184.207862
774900,3,2,1335
988000,3,2,3061
275000,1,1,2184.207862
219000,1,1,2184.207862
439000,1,1,2184.207862
425000,3,1,2184.207862
599999,4,2,2184.207862
1139000,3,3,2520
680000,3,2,1296
2300000,11,6,2184.207862
560000,2,2,1008
1600000,9,3,3000
699900,3,1,558
1650000,3,2,1493
679000,1,1,2184.207862
1249000,2,2,2158
438000,1,1,2184.207862
449000,2,1,2184.207862
699000,1,1,2184.207862
1400000,3,2.3738608579684373,2184.207862
709999,4,2,2184.207862
699900,3,1,558
24950000,7,5,12000
1139000,3,3,2520
438000,1,1,2184.207862
600000,3,2,1000
686000,3,2,2184.207862
2255000,2,2,1450
2500000,5,4,4400
1848888,6,4,3234
259900,2,1,850
399000,1,1,750
1479000,7,2.3738608579684373,4200
559900,5,2,1886
599000,3,2,1196
2480000,7,6,2740
5995000,8,6,6500
4750000,3,2,2060
778000,4,3,1300
1125000,6,3,3354
550000,1,1,721
1775000,4,4,2078
888000,2,2,1146
375000,3,1,2184.207862
15000000,3,2,2184.207862
849000,3,2,2256
185000,3,1,500
1250000,5,4,2700
349000,2,1,800
259000,2,1,2184.207862
575000,1,1,850
500000,4,1,2184.207862
399999,2,1,2184.207862
10800000,5,6,4544
239000,1,1,750
6950000,6,6,32000
979000,5,2,2392
599999,2,1,932
699000,3,2,1290
1400000,5,4,2184.207862
649000,3,2,1188
5475000,4,4,2184.207862
224000,1,1,2184.207862
590000,3,1,579
1050000,3,2,2184.207862
2288000,6,4,3280
1175000,3,2,1240
838000,3,2,706
995000,4,2,2184.207862
1345000,1,2,752
339000,1,1,910
999000,1,1,2184.207862
2499000,7,4,2268
289000,1,1,750
1350000,3,5,3210
850000,2,2,1122
1450000,6,4,2800
549995,3,1,2184.207862
995000,3,2,1175
880000,2,2,1120
775000,3,2,2184.207862
330000,3,2,1067
789000,3,4,1900
288000,1,1,800
2399000,2,2,2391
589000,3,2,1320
250000,3,1,2184.207862
1495000,3,2,1590
225000,1,1,2184.207862
380000,2,1,850
1800000,11,5,3969
939000,3,2,1728
150000,3,1,2184.207862
889000,5,2,2184.207862
665000,2,1,1120
899000,1,2,1151
10750000,5,6,5771
3200000,5,6,5400
399985,2,1,1148
437500,1,1,2184.207862
1385000,1,2,875
769000,3,2,1170
399000,1,1,2184.207862
1385000,1,2,875
769000,3,2,1170
318000,1,1,2184.207862
1580000,6,4,2184.207862
1300000,2,2,2184.207862
625000,3,1,458
290000,3,1,2184.207862
419000,2,1,1000
448000,1,1,750
540000,2,2,823
549990,3,2,1782
299000,1,1,671
840000,5,1,1182
15250000,4,5,4264
420000,3,2,1200
1550000,7,3,2024
668888,3,2,2184.207862
225000,3,1,2184.207862
975000,2,1,1164
1900000,4,4,2184.207862
450500,2,1,1200
399000,3,2,2184.207862
249000,2,1,900
175000,3,1,2184.207862
720000,1,1,2184.207862
6995000,6,5,3552
2150000,2,2,2184.207862
1388800,6,4,2146
1400000,6,2,1600
2250000,3,2,2184.207862
1170000,5,4,3120
350000,3,2,2184.207862
748800,3,2,1242
469000,2,1,780
1355000,3,2,2184.207862
1099000,6,5,2184.207862
250000,1,1,2184.207862
860000,3,4,2325
2250000,2,2,2184.207862
288800,2,1,2184.207862
285000,1,1,613
399000,3,1,2184.207862
489000,2,2,1100
1098000,3,3,1155
1200000,3,2.3738608579684373,2184.207862
1750000,4,1,2184.207862
999999,8,2,3023
1890000,2,2,2184.207862
180000,3,1,500
1600000,6,2,2128
9995000,4,4,2918
5400000,4,2,3800
3395000,2,2,1525
1050000,4,2,2800
799000,3,2,1000
698000,1,1,721
1699000,6,2,2184.207862
558000,2,1,747
1900000,2,2,1035
2150000,3,3,1315
769000,2,2,992
1249999,6,3,3491
419000,3,2.3738608579684373,2184.207862
329000,1,1,850
275000,1,1,650
438000,1,1,900
568000,1,1,680
2150000,3,2,2300
750000,2,2,2184.207862
999999,5,3,2184.207862
1995000,2,2,2184.207862
875000,3,2.3738608579684373,1688
989000,4,3,1305
499000,3,2,1266
660400,1,2.3738608579684373,2184.207862
1199999,2,2,1197
580880,4,2,1504
1399000,1,1,2184.207862
630000,2,2,2184.207862
479999,3,2,1510
460000,1,1,950
1649000,3,2,2184.207862
5999000,4,3,3900
845000,1,1,692
160000,1,1,2184.207862
729000,3,2,1854
995000,1,1,2184.207862
565000,4,1,1024
875000,2,1,1050
1280000,5,4,3600
248000,1,1,800
1295000,3,2,2184.207862
4995000,3,4,3750
330000,2,1,2184.207862
6500000,5,4,4000
789000,4,2,2184.207862
3250000,8,4,2184.207862
3200000,3,3,1820
5980000,40,20,15500
1499000,3,2,3090
1599000,2,2,1400
549000,2,2,1148
249999,1,1,596
699900,3,4,2160
1149000,2,2,1472
219000,1,1,780
499000,3,1,2184.207862
749999,4,2.3738608579684373,1063
449000,1,2,1130
879000,2,2,1278
650000,1,1,800
750000,2,2,732
780000,2,2,847
699000,3,2.3738608579684373,2184.207862
275000,2,1,2184.207862
925000,2,2.3738608579684373,2100
388000,2,2,2184.207862
224995,3,1,550
239000,1,1,670
529000,2,2,1200
995000,4,2,1782
1030000,4,2,1624
875000,3,1,294
598500,3,2.3738608579684373,1500
265000,1,1,2184.207862
1698000,12,4,2184.207862
1995000,1,1,826
820000,1,2,788
1995000,3,4,2184.207862
210000,1,1,2184.207862
2350000,2,2,2184.207862
6995000,4,4,2184.207862
388000,2,2,2184.207862
1475000,2,3,1397
1225000,2,2,1050
1995000,5,3,2400
2999999,2,2,1770
292950,1,1,675
990000,11,9,6240
1540000,3,3,1357
679000,1,1,700
1475000,2,3,1397
1225000,2,2,1050
1995000,5,3,2400
2999999,2,2,1770
800000,1,1,2184.207862
998000,3,2,1232
920000,5,3,2640
1098000,3,3,2184.207862
798000,4,4,1410
525000,1,1,715
3900000,5,3,2184.207862
479500,2,2,2184.207862
599000,1,1,600
6900000,4,4,4000
629000,1,1,2184.207862
1650000,3,3,1472
1100000,2,1,980
1450000,4,3,2128
1049000,4,3,2184.207862
22500000,4,2.3738608579684373,9132
2925000,3,4,5170
695000,2,2,889
650000,1,1,776
1695000,3,3,1818
1200000,2,2,2184.207862
4675000,4,2,2184.207862
1200000,7,4,3240
4495000,3,3,2012
462900,3,1,2184.207862
635000,1,1,2184.207862
368000,2,1,950
12850000,5,5,5139
350777,1,1,2184.207862
700000,4,1,1500
335900,1,1,670
1149000,11,6,4350
1888000,3,3,4100
1288000,4,3,2240
750000,3,2.3738608579684373,1922
324888,1,1,713
550000,2,1,2184.207862
165000,3,1,400
2950000,4,2,2184.207862
130000,3,1,422
2560000,13,4,2184.207862
3500000,7,4,2184.207862
1049000,3,1,897
9995000,3,4,2950
750000,4,3,1806
219000,1,1,2184.207862
935000,1,1,2184.207862
750000,6,2,1476
935000,1,1,2184.207862
1080000,4,3,1824
2888888,5,4,5000
860000,3,2,1118
1180000,4,5,3100
235000,1,1,675
4650000,4,4,2184.207862
680000,2,1,640
14995000,3,0,2184.207862
595000,1,1,2184.207862
1200000,1,1,2184.207862
849999,4,2,1842
1300000,5,3,1750
2175000,2,2,1666
2795000,3,3,1689
979000,3,2,2184.207862
589000,4,2,2235
45000000,5,2.3738608579684373,2184.207862
1995000,3,2,2184.207862
679000,2,2,879
263000,2,1,2184.207862
7250000,4,4,2184.207862
169999,1,1,750
304900,1,1,850
600000,1,1,600
999000,7,4,2000
279000,2,1,1000
1250000,1,1,1300
179000,1,1,2184.207862
1299800,4,4,2600
268000,2,1,950
140000,3,1,507
2100000,3,1,6862
293000,1,1,649
649000,1,1,665
298888,1,1,700
1650000,3,3,1800
538000,2,1,1105
990000,1,1,850
4145000,2,2,1593
2545000,6,2,3277
99000,1,1,850
1650000,3,3,1800
999888,3,4,2016
99000,1,1,850
2545000,6,2,3277
15500000,4,4,4064
395000,3,1,2184.207862
999000,4,1,2184.207862
3125000,2,2,1804
2995000,3,2,2184.207862
570000,3,1,515
599000,3,1,868
239000,2,1,950
5000000,3,2,2569
950000,2,2,2184.207862
1099000,3,2,1472
1950000,1,2,1117
1085000,3,8,3480
1950000,1,2,1117
999900,8,3,2184.207862
759000,2,2,2184.207862
799000,2,2,850
928500,5,4,2184.207862
6995000,9,6,9550
1150000,2,1,1100
349000,2,1,900
1400000,6,2.3738608579684373,2184.207862
6495000,6,6,5232
1800000,11,6,5000
1450000,3,2,1117
599000,3,1,2184.207862
898888,3,3,2080
2980000,3,3,1756
829000,9,3,2276
15850000,5,6,2184.207862
945000,2,1,2184.207862
389000,1,1,2184.207862
185000,3,1,400
568000,1,1,2184.207862
950000,1,1,2184.207862
2000000,2,2,1441
1069000,6,5,2184.207862
599999,3,2,2184.207862
7600000,4,4,3216
248000,1,1,2184.207862
575000,1,1,1073
350000,2,1,850
7600000,4,4,3216
695000,3,2,704
875000,4,2,1600
119000,3,1,2184.207862
4000000,6,4,5854
195000,3,1,2184.207862
410000,3,1,766
699000,4,2,2184.207862
699999,3,2,2184.207862
915000,6,5,3096
399000,1,1,2184.207862
995000,2,1,1000
535000,2,1,1000
429000,1,1,575
2195000,3,4,2184.207862
1690000,7,7,4600
1699999,4,3,2160
235000,1,1,800
984900,3,5,2532
899000,2,1,1010
269999,1,1,2184.207862
1350000,6,2,2184.207862
735000,3,2,1600
1499000,3,2,2100
735000,3,2,1600
899999,5,3,1440
900000,2,2,951
629900,3,2,1332
280000,1,1,650
1999000,5,2.3738608579684373,3100
5100000,2,2,1676
8500000,3,3,2080
1075000,3,4,2740
950000,3,1,660
875000,2,2,1275
485000,2,2,816
598000,1,1,663
2999000,4,2,1732
600000,3,1,2184.207862
355000,1,1,2184.207862
889000,2,1,1056
650000,3,3,2184.207862
629000,2,1,2184.207862
970000,3,2,2184.207862
515000,2,2,1200
1600000,4,4,3150
1900000,6,4,2000
3395000,2,2,1800
1795000,5,3,1800
549000,3,1,2184.207862
6998000,4,4,3000
980000,11,3,3210
1400000,5,4,2250
750000,3,3,2184.207862
750000,3,2.3738608579684373,2184.207862
349000,3,1,2184.207862
519999,3,2,1440
1649000,7,2,3162
1750000,7,3,4065
868000,3,2,2184.207862
324900,1,1,665
870000,1,1,620
355000,2,1,1000
10900000,5,6,3633
375000,1,1,2184.207862
6700000,3,2.3738608579684373,2184.207862
268800,1,1,725
640000,1,1,1022
10900000,5,6,3633
375000,1,1,2184.207862
6700000,3,2.3738608579684373,2184.207862
640000,1,1,1022
2800000,2,2,2184.207862
699000,2,2,1400
950000,1,1,2184.207862
1208000,11,6,5160
749000,5,4,2184.207862
1800000,5,2,2184.207862
1025000,1,1,787
2449000,3,2,1744
659000,3,2,1460
1499000,7,4,3570
700000,3,1,474
235000,3,1,2184.207862
700000,2,1,900
4895000,4,4,3622
2350000,4,2,1847
456000,1,1,2184.207862
1190000,5,4,3720
5350000,3,4,2491
335000,2,1,2184.207862
628000,3,2,1097
710000,2,2,2250
790000,4,2,1744
1300000,3,2,2184.207862
800000,2,1,900
699000,3,2,522
1750000,1,1,2184.207862
416000,3,1,950
225000,1,1,650
499000,1,1,800
425000,3,1,2184.207862
220000,1,1,2184.207862
140000,3,1,507
790000,4,2,1744
2400000,2,2,1375
5995000,3,2,4200
988888,5,3,2184.207862
369000,3,1,2184.207862
2850000,15,7,6000
5799000,3,4,2497
229000,3,1,500
44500000,5,6,2184.207862
235000,1,1,2184.207862
3500000,3,2,1896
1288000,3,2,1538
875000,1,1,2184.207862
1099000,6,5,3816
1795000,2,2,2184.207862
579000,3,2,2184.207862
868000,3,2,1690
699900,5,1,1827
559900,3,2,2184.207862
650000,3,1,2184.207862
209000,1,1,2184.207862
1695000,3,2,2184.207862
570000,3,2,1728
419800,2,1,1000
1875000,3,2,2184.207862
5900000,3,3,2706
4000000,32,12,7200
1450000,2,2,1175
975000,7,4,1920
210000,3,1,550
310000,1,1,2184.207862
8575000,6,6,5500
1895000,5,4,2184.207862
10500000,5,6,2184.207862
2990000,3,2,1721
440000,2,1,2184.207862
650000,3,2.3738608579684373,2184.207862
600000,2,2,2184.207862
1895000,5,4,2184.207862
160000,3,1,2184.207862
3500000,30,20,18400
599900,3,2,1534
2499000,7,4,2184.207862
1850000,7,3,2240
888000,3,2,1700
500000,3,2.3738608579684373,2184.207862
1995000,1,2,910
495000,2,3,1200
599000,3,2,1690
178000,3,1,719
279900,1,1,850
9000000,3,2.3738608579684373,2184.207862
119000,3,1,2184.207862
935000,2,2,1150
750000,3,2,1260
318000,3,1,450
3399000,7,2.3738608579684373,3446
528000,2,2,2184.207862
7800000,7,8,7200
199888,1,1,2184.207862
5950000,6,5,2184.207862
315000,2,1,1000
119000,3,1,2184.207862
899000,1,1,2184.207862
2050000,4,2,1760
615000,2,1,733
178000,3,1,719
279900,1,1,850
385000,3,1,440
209000,1,1,650
259000,3,1,590
695000,1,1,2184.207862
1980000,3,3,3536
1950000,2,2,2184.207862
1595000,4,2,2627
919000,6,3,1760
285000,3,2.3738608579684373,2184.207862
499000,3,2,1200
359000,2,1,850
771770,2,2,710
3550000,3,2,2693
9750000,8,7,7228
4395000,6,4,2700
695000,1,2,2184.207862
1398000,4,2,2184.207862
1950000,2,2,2184.207862
285000,3,2.3738608579684373,2184.207862
1595000,4,2,2627
645000,3,1,419
859000,6,3,2184.207862
771770,2,2,710
19500000,5,7,2184.207862
1250000,2,2,1434
449000,2,1,2184.207862
7990000,5,4,5202
3950000,2,2,2184.207862
1399000,4,4,2049
7750000,3,3,2184.207862
1049000,4,3,2400
995000,4,3,2000
3195000,3,3,2184.207862
360000,2,2,2184.207862
750000,3,2,1600
18000000,6,6,2184.207862
300000,1,1,800
675888,3,1,1662
4400000,3,2.3738608579684373,2400
215000,1,1,2184.207862
7990000,5,4,5202
250000,3,1,2184.207862
2749000,3,6,4480
860000,3,2,2000
1195000,1,1,713
825000,3,2,1400
295000,2,1,2184.207862
999000,1,2,1150
599000,1,1,2184.207862
860000,3,2,2000
1195000,1,1,713
1169900,6,4,2310
2795000,6,6,3600
6250000,4,2,4500
2099000,3,6,3520
339000,1,1,2184.207862
255000,1,1,2184.207862
140000,3,1,2184.207862
240000,3,1,500
1775000,2,2,2184.207862
1195000,2,2,650
699000,3,2,2040
4150000,2,2,2184.207862
1398000,9,6,4440
299000,3,1,650
500000,3,1,450
450888,1,1,2184.207862
298000,1,1,790
230000,1,1,2184.207862
748000,2,2,713
15500000,4,6,2184.207862
6850000,4,4,2184.207862
735000,3,2,2350
229999,1,1,2184.207862
100000,3,1,445
385000,1,1,2184.207862
458000,2,1,2184.207862
3750000,2,2,2300
3100000,2,2,2184.207862
595000,3,1,2184.207862
470000,2,1,2184.207862
399999,2,1,1056
599000,4,2,1665
18950000,4,4,5075
2300000,2,2,1035
420000,1,1,2184.207862
1459000,5,4,3500
1150000,2,2,2184.207862
299000,2,1,2184.207862
499000,1,1,2184.207862
510000,2,2,972
825000,2,2,1001
1150000,3,2,1352
6895000,2,2,2114
165000,1,1,750
874900,3,4,1500
1499999,8,6,2184.207862
495000,2,2,1100
245000,1,1,863
565000,1,1,804
1950000,3,2,1265
699000,2,3,2184.207862
1200000,1,1,1120
1425000,5,4,2184.207862
1595000,9,6,4420
1495000,3,6,5148
2375000,4,4,2184.207862
1425000,5,4,2184.207862
1248000,4,2,2450
1499999,8,6,2184.207862
495000,2,2,1100
565000,1,1,804
165000,1,1,750
399000,1,1,675
4895000,4,2,3594
12500000,5,2.3738608579684373,2184.207862
475000,3,1,2184.207862
11175000,4,6,3841
1295000,1,1,2184.207862
825000,2,2,2184.207862
1849000,6,3,3001
699000,1,1,700
420000,1,1,2184.207862
320000,2,1,802
525000,1,1,2184.207862
1100000,3,2.3738608579684373,2184.207862
650000,2,2,2184.207862
1650000,1,1,2184.207862
1425000,2,2,2184.207862
418000,1,1,684
1399000,8,6,3448
339000,2,1,700
599900,6,4,2184.207862
400000,1,1,2184.207862
699000,3,1,4000
1325000,2,2,2184.207862
1750000,6,3,3364
2100000,3,3,2000
205900,1,1,750
265000,1,1,765
169999,1,1,2184.207862
775000,3,1,1696
685000,4,2,2269
699000,1,1,700
420000,1,1,2184.207862
1245000,7,6,2184.207862
795000,1,1,2184.207862
445000,3,1,402
399000,2,1,960
1990000,6,5,2150
529000,2,1,2184.207862
7500000,6,6,4200
595000,1,1,2184.207862
525000,3,2,2184.207862
479000,2,1,1100
4995000,4,4,5500
460000,2,1,2184.207862
1200000,4,2,2184.207862
5950000,2,2,1853
599000,1,1,626
350000,3,1,2184.207862
420000,1,1,668
2400000,3,2.3738608579684373,3248
2199000,2,2,1770
595000,1,1,700
249000,2,1,1000
11000000,4,4,3452
585000,1,1,2184.207862
1180000,8,4,3321
115000,3,1,550
779000,1,1,638
1850000,12,7,4719
9975000,3,3,2241
925000,3,2,1875
360000,1,1,2184.207862
685000,4,2,2269
2750000,2,2,2184.207862
1450000,4,2,2184.207862
3400000,5,4,4852
329000,2,1,2184.207862
699000,3,2,1008
1075000,7,3,2184.207862
790000,4,3,1784
2199000,2,2,1770
11000000,4,4,3452
585000,1,1,2184.207862
7750000,5,6,3701
19995000,6,8,8757
3375000,3,3,2184.207862
1175000,3,2.3738608579684373,2184.207862
3150000,4,3,2184.207862
15000000,4,6,2184.207862
3150000,4,4,2184.207862
825000,2,1,2184.207862
899000,2,2,1056
795000,1,1,860
275000,1,1,880
775000,6,2,2910
2150000,2,2,2184.207862
899000,3,1,2184.207862
699000,5,4,1838
904000,4,3,2184.207862
669000,3,1,2184.207862
279000,1,1,2184.207862
330000,1,1,656
1175000,3,2.3738608579684373,2184.207862
399000,3,1,2184.207862
740000,2,1,2184.207862
590000,5,3,1152
775000,6,2,2910
1250000,3,2,2049
975000,2,2,1270
849000,3,2,2184.207862
1699000,3,2,2200
1195000,2,2,2184.207862
190000,3,1,500
405000,3,1,550
169500,1,1,2184.207862
738280,3,2.3738608579684373,1302
950000,5,2,1660
800000,3,1,916
359000,2,1,920
1950000,2,3,2184.207862
999000,7,4,2184.207862
1950000,2,2,960
649000,1,1,2184.207862
1175000,4,2,2184.207862
799000,4,2,2184.207862
2950000,3,2,1709
358000,3,1,2184.207862
189999,1,1,2184.207862
760000,1,1,700
675999,3,2,2070
380000,3,1,393
380000,3,1,393
800000,3,1,916
379000,2,1,2184.207862
995000,2,2,2184.207862
649000,3,2,1150
475000,1,1,739
450000,2,1,2184.207862
7250000,1,2.3738608579684373,4930
1799000,11,6,5031
1500000,8,5,2184.207862
3995000,3,4,2456
2299000,7,6,2184.207862
210000,1,1,850
3200000,3,4,1825
579000,3,2,1200
1175000,3,2.3738608579684373,2184.207862
648888,2,2,950
989000,7,5,3978
995000,1,1,2184.207862
154900,1,1,700
399000,1,1,577
589000,3,1,415
565000,2,2,1238
760000,2,2.3738608579684373,2337
3795000,3,3,2250
199999,3,1,471
2500000,3,2,3200
749999,3,2,2184.207862
1595000,2,2,2184.207862
258000,3,1,500
685000,3,2,1280
599000,5,2,2184.207862
3250000,3,2,2292
245000,1,1,800
729000,3,2,1400
779000,3,2,1557
1090000,3,3,1295
365000,2,1,925
1099000,1,1,715
12495000,4,4,6310
1990000,2,2,1309
1200000,6,4,2808
473000,2,1,1000
2348000,3,4,2184.207862
25000000,5,6,4089
995000,1,1,2184.207862
850000,8,3,1976
2950000,4,4,2184.207862
133000,1,1,630
1548000,9,4,4539
468000,3,1,2184.207862
850000,5,3,3024
995000,6,3,2125
2348000,3,4,2184.207862
1850000,3,2,2184.207862
25000000,5,6,4089
2800000,2,1,1800
4995000,3,2,2803
398800,1,1,2184.207862
142500,3,1,2184.207862
2570000,5,2,2000
225000,1,1,900
345000,1,1,900
875000,5,2,1974
1188000,7,2,2184.207862
694000,2,1,2184.207862
495000,1,1,2184.207862
649000,1,1,687
659000,2,1,714
429000,2,1,850
959000,2,2,1719
1299999,12,6,4125
368000,3,1,2184.207862
758800,3,2,1633
1795000,2,2,1245
21500000,5,2.3738608579684373,4179
1595000,5,3,2184.207862
6500000,7,5,2184.207862
1089000,4,3,2184.207862
735000,1,1,2184.207862
559900,2,1,1217
350000,1,1,2184.207862
780000,3,3,1236
173000,3,1,500
995000,4,2,2200
775000,4,2,2184.207862
1649000,1,1,800
1290000,5,3,2184.207862
575000,3,1,1390
1499000,7,6,2184.207862
800000,2,1,1200
750000,1,1,2184.207862
1750000,2,2,1320
2750000,2,2,1488
698000,1,1,2184.207862
425000,1,1,2184.207862
26000000,5,6,4859
3999999,2,2,1997
2295000,3,3,1615
689900,3,4,2448
3850000,4,4,4374
243000,2,1,965
1995000,4,2,2184.207862
250000,3,1,2184.207862
845000,4,2,2184.207862
915000,8,3,1896
599888,1,1,826
325000,2,1,2184.207862
999000,4,2,2184.207862
688000,3,2,982
950000,3,2,1308
249000,1,1,750
465000,1,1,2184.207862
2499000,7,8,3700
409000,1,1,559
630000,2,2,750
2499000,7,8,3700
874000,2,2,915
4995000,4,4,2184.207862
875000,2,2,2184.207862
975000,2,2,2184.207862
5975000,12,4,2184.207862
475000,3,1,2184.207862
975000,1,1,2184.207862
1548000,9,4,2184.207862
175000,1,1,627
3000000,1,2,1600
2400000,1,2,1427
14995000,5,2.3738608579684373,6000
988000,4,4,2184.207862
299999,1,1,850
120000,2,1,1100
1995000,3,2,1376
1300000,3,2.3738608579684373,2184.207862
1400000,3,2,1625
1080000,1,2.3738608579684373,941
1175000,3,2.3738608579684373,2184.207862
670000,1,1,2184.207862
75000,3,2.3738608579684373,2184.207862
1499000,5,4,3200
1200000,4,2,2173
3299000,5,3,2184.207862
2500000,7,4,2660
799000,3,2,2184.207862
715000,4,2,1866
925000,2,2,1033
750000,5,3,3327
2795000,2,2,1372
1560000,5,2,2184.207862
4650000,3,3,2184.207862
1100000,8,3,3312
780000,3,2,1900
1199000,2,2,1000
2850000,3,2,1912
680000,3,2.3738608579684373,2375
530000,1,1,2184.207862
595000,1,1,2184.207862
475000,2,1,2184.207862
2700000,16,8,8000
900000,8,5,2028
1049000,3,1,1683
995000,7,5,2184.207862
245000,1,1,550
695000,2,2,1080
436000,2,1,912
555000,2,1,2184.207862
1250000,11,6,2184.207862
4950000,2,2,2184.207862
928000,3,4,1640
725000,3,2,2184.207862
938000,2,2,1700
199000,1,1,550
854000,6,2,2184.207862
1439000,4,2,2184.207862
389000,1,1,2184.207862
475000,2,1,975
815000,2,2,1000
474000,2,1,750
2350000,2,2,1572
1325000,2,2,1250
6600000,8,5,5110
590000,2,1,800
695000,2,2,1080
610000,1,1,673
1238000,3,2,1550
789000,4,2,2184.207862
699888,3,2,1870
854000,6,2,2184.207862
1299000,1,2,1066
632000,4,2,1496
499000,2,1,2184.207862
632000,4,2,1496
895000,2,1,2184.207862
800000,2,1,850
725000,1,1,696
349500,1,1,900
625000,2,1,2184.207862
1090000,5,3,2184.207862
1348000,6,3,2184.207862
2975000,3,2,2184.207862
280000,1,1,2184.207862
259000,1,1,2184.207862
550000,3,1,446
12495000,4,3,2184.207862
4800000,5,6,2184.207862
398000,3,1,1000
329000,2,1,850
385000,1,1,2184.207862
1325000,9,3,2184.207862
968000,3,2,2845
350000,1,1,2184.207862
2750000,3,4,2900
498000,1,1,785
1675000,5,2,2100
525000,3,1,2184.207862
280000,1,1,850
849000,4,2,2184.207862
1250000,1,1,855
359999,3,2,2184.207862
229000,1,1,2184.207862
1002500,3,2.3738608579684373,2184.207862
3995000,3,2,2184.207862
1499000,6,4,3450
2649000,3,3,1699
385000,2,1,919
695000,1,1,2184.207862
1799000,7,2,4140
585000,3,2.3738608579684373,2184.207862
1688000,4,3,2880
359999,3,2,2184.207862
179000,1,1,600
229000,1,1,2184.207862
2100000,3,3,1638
615000,3,2.3738608579684373,1664
323000,1,1,800
880000,1,1,713
675000,3,2.3738608579684373,2184.207862
1500000,2,2,1334
425000,3,1,2184.207862
2175000,4,4,2184.207862
1296000,2,2,1200
3395000,4,3,3111
450000,2,1,1100
649000,3,2,1770
1295000,2,2,2000
1775000,2,2,2184.207862
265000,2,1,900
3595000,2,2,2184.207862
769000,2,2,2184.207862
1350000,9,3,3318
797777,4,2,2184.207862
4650000,6,2.3738608579684373,4734
680000,4,2,1536
549000,4,2,2184.207862
13650000,5,2.3738608579684373,2184.207862
749000,3,2,1400
398000,3,1,900
680000,2,2,847
499000,2,1,2184.207862
2250000,4,2,1360
550000,3,2,1520
4995000,6,2.3738608579684373,7868
2650000,5,2,2500
7188000,3,3,4108
1500000,14,7,6375
999000,1,1,2184.207862
799000,2,2,868
699000,1,1,2184.207862
940000,2,1,2184.207862
3460000,2,2,2484
1395000,2,2,2184.207862
629000,3,2,1575
2850000,4,2.3738608579684373,1725
999000,1,1,2184.207862
1500000,14,7,6375
940000,2,1,2184.207862
2995000,3,4,2184.207862
2750000,2,2,2184.207862
1100000,9,3,3944
1395000,2,2,2184.207862
599000,3,3,1392
1395000,2,2,2184.207862
1049000,6,2,2184.207862
4250000,2,2,1778
925000,3,2,1700
1695000,2,2,1035
599000,1,1,958
1250000,2,2,1350
610000,3,2.3738608579684373,923
2299000,8,5,2700
1350000,3,2.3738608579684373,2184.207862
2395000,4,4,3600
3750000,13,8,2184.207862
1080000,2,2,1545
450000,2,1,2184.207862
2250000,10,2.3738608579684373,5200
588888,3,2,1150
279000,2,1,2184.207862
1199000,2,1,1080
1390000,3,2,1276
1150000,6,3,2400
6350000,4,4,2184.207862
650000,2,2,1013
599999,3,2,1340
395000,2,1,950
299000,1,1,700
549000,2,2,1113
1350000,2,2,1066
499000,1,1,571
1351242,2,2,1026
249000,2,1,830
479000,1,2,1096
1899000,3,2,1757
275000,1,1,694
2150000,2,2,1711
1999000,3,3,1950
1588000,5,2.3738608579684373,2580
3200000,7,4,2976
1999000,2,2,2184.207862
1745000,2,2,1574
1488000,3,2,2886
1494000,1,2,1444
1108900,6,2,2664
3200000,3,4,3040
650000,3,2,1110
2050000,12,8,8049
1998000,19,8,5890
1250000,5,4,2755
749000,2,1,1000
235000,3,1,301
1215000,13,7,5250
399000,1,1,2184.207862
2465000,2,2,1400
1200000,2,2,2184.207862
439000,3,1,475
975000,2,2,930
1499000,6,4,2184.207862
650000,3,1,1050
2550000,8,4,3900
3200000,6,5,5000
1999999,4,4,2743
460000,1,1,518
1395000,2,2,1003
290000,1,1,2184.207862
1990000,6,5,2100
2980000,6,3,3210
3498000,2,2,2046
2595000,7,6,4950
599889,2,2,2184.207862
3995000,2,2,1283
589000,3,2.3738608579684373,1560
1139000,3,2,1800
4500000,3,5,4725
2695000,2,2,1927
125000,1,1,728
625000,1,1,692
775000,4,3,2184.207862
635000,1,1,2184.207862
2375000,9,5,4164
545000,1,1,1050
599000,1,1,935
538000,2,2,1200
342990,2,1,900
1500000,2,2,1600
939000,3,2,1700
3150000,4,3,2263
1750000,6,3,2146
360000,3,1,2184.207862
720000,3,3,2200
1199999,5,3,1728
710000,3,2.3738608579684373,1400
200000,1,1,700
699000,2,2,1400
1199999,5,3,1728
939000,3,2,1700
3000000,24,16,12720
559000,3,2,1200
1050000,5,4,2552
2649000,3,3,1500
614000,1,1,2184.207862
925000,2,2,787
800000,3,2,2184.207862
559000,1,1,579
999999,1,2,807
269000,1,1,700
838000,2,2,1054
2350000,15,10,8460
220000,1,1,792
729000,1,1,550
2045000,3,2,1039
749000,2,2,1258
189000,1,1,2184.207862
399000,1,1,775
250000,1,1,800
3695000,2,2,1978
680000,3,2,2240
1195000,14,6,5100
2045000,3,2,1039
1599999,8,4,2184.207862
495000,2,1,900
314000,1,1,875
165000,1,1,2184.207862
950000,2,2,1033
975000,3,2,2184.207862
449000,1,2,1074
2995000,7,2.3738608579684373,4100
325000,1,1,775
1599000,2,2,1094
649000,3,2,2000
1850000,1,1,703
1395000,1,2,1220
1080000,1,1,2184.207862
309000,1,1,2184.207862
1499000,8,3,2636
179000,1,1,2184.207862
595000,3,1,2184.207862
849000,3,3,1656
2780000,14,9,2184.207862
759000,2,2,1230
549999,3,2.3738608579684373,1652
1750000,2,2,2184.207862
4995000,3,4,2184
1400000,12,4,2184.207862
725000,3,1,2184.207862
249000,2,1,1000
245000,2,1,2184.207862
1500000,1,2,1218
695000,2,1,959
975000,3,2,2184.207862
325000,1,1,775
15500000,5,6,4134
649000,3,2,2000
1995000,2,2,1700
655000,3,2,2184.207862
759000,2,2,1230
1799000,6,4,3300
3250000,2,2,1509
750000,1,1,750
1495000,5,3,2184.207862
658000,1,1,2184.207862
395000,2,1,2184.207862
1999000,4,2,2487
3950000,3,2,2184.207862
4395000,5,5,3498
368888,2,1,540
285000,1,1,2184.207862
1290000,6,5,2340
11250000,5,6,4357
458000,2,2,2184.207862
438000,2,1,2184.207862
949900,3,2,1940
599000,3,2,1232
7500000,4,4,2811
289000,1,1,2184.207862
635000,3,1,500
1680000,5,2,1584
1075000,5,2,2184.207862
580000,2,1,667
838000,4,4,2780
8575000,2,2,1830
2500000,3,4,2184.207862
200000,3,2.3738608579684373,2184.207862
2595000,3,4,2184.207862
619000,2,2,804
1200000,3,1,500
8250000,2,3,3000
1150000,3,2,1600
375000,1,1,387
2488000,2,2,1483
625000,1,1,2184.207862
1510000,5,3,2184.207862
4500000,2,2,2184.207862
935000,1,1,713
604200,5,3,2000
375000,1,1,2184.207862
339000,1,1,2184.207862
1149000,3,1,2184.207862
5200000,3,4,3400
950000,3,2.3738608579684373,2500
329000,2,1,950
279000,2,1,2184.207862
2495000,3,3,2500
19995000,7,8,8900
595000,2,2,1075
850000,3,2,1696
849990,5,3,2184.207862
799000,3,2,1184
550000,1,1,2184.207862
3200000,3,2.3738608579684373,17000
639000,3,1,1100
849990,5,3,2184.207862
2199999,4,2,2848
950000,9,7,3316
850000,3,2,1696
1099500,2,1,2184.207862
2495000,2,2,2184.207862
1500000,3,1,2184.207862
720000,2,1,970
4780000,2,2,1882
760000,1,1,700
2350000,2,2,1628
339999,1,1,825
220000,1,1,900
499000,1,1,750
445000,3,1,550
299000,1,1,700
4075000,3,3,2150
580000,2,2,950
299900,1,1,2184.207862
995000,2,2,1015
825000,6,2,2444
1525000,2,2,1329
222888,2,1,2184.207862
1995000,3,3,1800
217000,1,1,700
468000,1,1,500
1739888,8,3,3375
650000,5,2,1951
1690000,10,4,2958
2100000,3,8,7984
7450000,3,2,5500
295000,1,1,2184.207862
450000,1,1,1115
995000,1,1,2184.207862
629000,3,2,1216
235000,1,1,660
485000,3,1,525
1588000,2,2,1108
2695000,2,2,1750
585000,2,2,988
1598000,8,5,2184.207862
848880,1,1,713
268000,1,1,750
3700000,3,3,1756
1125000,1,1,743
329000,2,2,1200
799000,3,2,2184.207862
1380000,4,2,2520
990000,2,2,2184.207862
2499000,18,12,2520
2395000,4,3,2155
600000,2,2,2184.207862
745000,3,2,2184.207862
8525000,4,4,2863
1229000,6,5,2816
799000,1,1,950
625000,4,2,1650
1225000,4,4,1821
299000,1,1,2184.207862
240000,1,1,800
165000,1,1,750
1285000,4,2,2184.207862
765000,1,2,1000
309000,2,1,862
1250000,6,3,3496
2099000,5,4,3200
560000,1,1,2184.207862
3795000,3,3,1981
1229000,6,5,2816
269500,2,1,2184.207862
8525000,4,4,2863
3275000,3,3,2184.207862
3795000,3,3,2184.207862
4150000,5,4,2184.207862
285000,1,1,2184.207862
1249949,4,4,2720
649999,5,3,2052
780000,3,1,2184.207862
1075000,2,2,1144
345000,2,1,2184.207862
4150000,5,4,2184.207862
1075000,2,2,1144
345000,2,1,2184.207862
365000,2,1,2184.207862
750000,1,1,592
1850000,2,2,1322
1288000,3,2.3738608579684373,1692
5250000,3,3,2950
769000,4,3,2184.207862
925000,3,2,2184.207862
500000,1,1,2184.207862
625000,1,1,2184.207862
1375000,8,3,3039
270000,2,1,700
1273000,3,3,2184.207862
15000000,6,8,2184.207862
499000,1,1,2184.207862
3585000,3,3,2237
749999,9,3,2184.207862
499000,3,2,1024
595000,1,1,556
5000000,3,3,1845
1495000,6,2,2184.207862
2995000,2,2,1784
469900,3,2,1200
1995000,2,2,2184.207862
159999,1,1,650
758000,4,2,1216
599999,2,2,1048
749000,1,1,2184.207862
2100000,8,4,3750
32000000,4,6,2184.207862
620000,3,2,1280
849000,3,2,1890
469900,3,2,1200
1995000,2,2,2184.207862
3250000,3,3,2610
338000,2,1,2184.207862
3400000,3,8,2184.207862
1575000,2,2,1157
259000,1,1,570
2300000,6,4,3850
975000,2,1,2184.207862
879000,4,3,2184.207862
950000,2,1,775
749999,3,3,1602
639000,3,1,1050
2300000,3,3,1700
289000,1,1,2184.207862
1698888,10,6,3025
1180000,4,3,1528
6750000,2,2,2320
499000,3,2,1890
799000,1,1,2184.207862
600000,1,1,750
699000,4,2,2184.207862
1578000,5,3,2184.207862
849000,4,3,2184.207862
4275000,2,2,2184.207862
1550000,1,1,2184.207862
489000,7,3,2500
499000,3,2,1890
799000,1,1,2184.207862
600000,1,1,750
6700000,3,3,2184.207862
319000,1,1,750
10750000,10,10,6532
520000,1,1,730
715000,1,1,2184.207862
689000,1,1,1000
5750000,3,3,3700
885000,1,1,2184.207862
899000,4,2,1400
1250000,2,3,2184.207862
580000,1,2.3738608579684373,2184.207862
1825000,3,2,1500
249000,1,1,700
1175000,7,2.3738608579684373,2184.207862
232000,1,1,750
1100000,2,1,988
1695000,6,4,2184.207862
300000,2,1,2184.207862
4999000,2,2,1666
1690000,7,7,4600
849999,4,2,2217
1695000,3,2,1827
3900000,4,4,2184.207862
669000,2,1,2675
1900000,14,6,2184.207862
350000,3,1,2184.207862
875000,1,1,2184.207862
489000,3,1,2184.207862
2800000,3,2,1687
949000,2,1,2184.207862
675000,3,2.3738608579684373,2184.207862
459000,1,1,548
899000,2,1,2184.207862
13650000,6,2,6800
21000000,5,2.3738608579684373,2184.207862
15900000,4,4,3698
4995000,3,4,1960
2250000,3,1,1710
989000,3,1,930
309999,1,1,650
4880000,3,3,2130
600000,1,1,830
5400000,3,4,2515
265000,1,1,2184.207862
240000,1,1,750
1790000,4,5,2736
225000,1,1,622
1299000,6,2.3738608579684373,3733
1625000,1,2,995
420000,3,1,2184.207862
385000,2,1,910
2720000,8,4,2184.207862
1396000,4,4,2444
1195000,3,3,2400
620000,3,1,2184.207862
300000,3,1,2184.207862
539000,1,1,2184.207862
599000,1,2,1025
5200000,2,3,1394
650000,1,1,2184.207862
5600000,5,4,3200
700000,1,1,500
469000,3,2,1352
1950000,2,2,2184.207862
729888,2,2,1600
2225000,7,5,2184.207862
890000,6,5,2184.207862
949000,4,2,2172
650000,3,2,1500
16500000,5,6,5129
579999,3,2,1152
1499000,3,2.3738608579684373,2184.207862
535000,3,2,1350
1250000,2,2,1500
1388000,4,2,2520
845000,1,1,2184.207862
550000,1,1,712
2599000,3,6,4662
498000,2,2,2184.207862
840000,3,2,1675
1250000,2,2,1500
845000,1,1,2184.207862
890000,6,5,2184.207862
949000,4,2,2172
2800000,2,2,2184.207862
699000,1,1,2184.207862
225000,3,1,2184.207862
4995000,3,4,2184.207862
2800000,3,3,3341
4100000,5,3,2184.207862
725000,2,2,800
349999,2,1,873
280000,2,1,1050
689000,4,2,2184.207862
595000,2,2,739
3200000,6,2.3738608579684373,4360
15990000,8,8,6000
2350000,2,2,1428
369000,1,1,2184.207862
705000,1,1,631
599999,3,2,1800
488888,2,2,2184.207862
600000,2,2,2184.207862
1300000,2,2,1125
925000,4,4,1672
1675000,2,2,1294
499998,3,3,2184.207862
1395000,2,2,1065
1450000,1,2,1100
1488000,5,3,1920
439000,3,1,2184.207862
674999,3,2,1310
3950000,3,2,2184.207862
925000,4,4,1672
329000,1,1,681
1300000,2,2,1125
685000,3,2,1100
589000,3,2,1785
599000,3,1,2184.207862
1325000,4,2,2184.207862
2495000,1,2,1218
1299999,6,2.3738608579684373,2068
1050000,6,4,2134
799000,3,1,2184.207862
31500000,3,2.3738608579684373,65535
399000,1,2,1341
399000,1,1,771
1095000,2,2,1200
14950000,4,4,4017
1195000,1,1,600
300000,3,1,2184.207862
565000,1,1,2184.207862
649000,3,2.3738608579684373,2184.207862
815000,3,2,1039
1250000,5,5,2184.207862
3900000,2,2,1700
795000,2,1,759
970000,4,2,2185
478000,1,1,750
999000,8,3,3786
2499000,2,2,1471
460000,3,1,426
669000,3,2,2115
6900000,3,4,2184.207862
499000,2,1,992
1250000,2,2,2184.207862
1000000,8,3,2184.207862
534900,1,1,654
1175000,6,3,2184.207862
865000,5,3,1720
1249000,4,2,1605
1500000,3,2,2184.207862
10750000,8,9,7327
495000,2,2,800
249000,3,1,2184.207862
319000,1,1,2184.207862
338000,1,1,800
1095000,3,2,2184.207862
625000,1,1,2184.207862
1650000,2,2,1168
1575000,1,2,1494
459000,3,1,489
6300000,2,2,2184.207862
375000,2,1,2184.207862
749000,2,1,2184.207862
410000,2,1,2184.207862
8100000,5,4,4000
2200000,6,4,3240
399000,1,1,681
549000,6,4,2184.207862
625000,2,1,1025
700000,2,2,1110
495000,1,1,2184.207862
1399995,6,5,2184.207862
375000,1,1,920
270000,1,1,2184.207862
389990,2,1,886
1700000,3,2.3738608579684373,2484
700000,4,2,1890
2695000,4,2,2184.207862
499000,3,2,1332
375000,3,1,500
8950000,3,4,2367
559000,2,1,2184.207862
3995000,3,3,1856
695000,2,2,1800
715000,4,2,2052
929888,3,2,1070
948000,3,2,1368
999000,4,2,2184.207862
2499000,12,6,2184.207862
1025000,7,2,2400
4195000,6,17,12733
167999,1,1,2184.207862
250000,3,1,246
1345000,1,2,1010
634999,4,2,1732
1675000,2,2,1150
410000,1,1,2184.207862
3550000,4,4,2120
900000,1,1,2184.207862
5500000,4,4,2670
600000,6,2,1634
2599000,8,2.3738608579684373,3120
288000,1,1,2184.207862
2750000,2,2,1856
750000,2,1,920
2150000,3,2,1800
3995000,1,2,1560
1398000,4,2.3738608579684373,2184.207862
849000,2,2,937
995000,1,1,971
899000,2,1,940
519000,2,1,1100
519000,2,1,1100
995000,1,1,971
659000,1,1,860
15000000,2,2,2625
1080000,5,2,2570
599000,1,1,578
1195000,1,2,1330
1059000,2,2,2184.207862
1200000,9,2.3738608579684373,2184.207862
24500000,4,6,5427
490000,1,1,730
580000,1,1,712
465000,3,2,1365
499500,3,1,2184.207862
225000,3,2.3738608579684373,2184.207862
7995000,4,4,2697
529000,3,1,367
378023,3,1,2184.207862
309000,2,1,2184.207862
295500,1,1,2184.207862
21000000,3,2.3738608579684373,2184.207862
749000,3,2,1080
1125000,3,1,2184.207862
795000,3,1,2184.207862
872500,1,1,2184.207862
654250,2,1,702
749000,3,2.3738608579684373,2002
699000,5,2.3738608579684373,2090
1350000,1,2,822
995000,1,1,971
460000,2,1,2184.207862
899000,2,1,940
10500000,7,10,7040
21000000,3,2.3738608579684373,2184.207862
1125000,3,1,2184.207862
829999,3,2.3738608579684373,1380
1950000,2,2,1350
740000,2,2,800
654250,2,1,702
795000,3,1,2184.207862
872500,1,1,2184.207862
518000,1,1,2184.207862
500000,1,1,2184.207862
1175000,3,1,1500
275000,2,1,815
550000,3,1,2184.207862
2500000,3,2.3738608579684373,4100
2000000,8,2.3738608579684373,2184.207862
975000,3,2,1400
279000,1,1,800
1058000,3,2,2184.207862
189000,3,1,300
3450000,3,4,1965
550000,2,2,721
1499000,5,2,1520
1299999,4,2,2184.207862
219000,1,1,2184.207862
2600000,3,2,1729
825900,3,2,1923
370000,1,1,680
569000,2,1,840
890000,4,3,2184.207862
749000,3,2.3738608579684373,2002
555000,3,2.3738608579684373,2184.207862
799000,3,2,2184.207862
2300000,3,3,2355
799000,3,2,1989
2000000,8,2.3738608579684373,2184.207862
2500000,2,2,1111
2600000,3,2,1729
799000,6,2.3738608579684373,2000
349000,2,1,2184.207862
1299999,6,5,3608
1380000,12,3,2681
499000,3,1,472
4750000,3,2.3738608579684373,2969
285000,1,1,2184.207862
789000,3,2.3738608579684373,800
370000,3,1,2184.207862
1700000,3,7,7854
1950000,2,4,2184.207862
945000,2,2,903
2999999,15,9,3600
599000,1,1,2184.207862
245000,1,1,2184.207862
1275000,1,1,2184.207862
598125,2,1,655
349000,1,1,750